,Gene,Z-Score
0,1300017J02Rik,-0.586856773
1,1700030A11Rik,-0.445291194
2,1700097N02Rik,-0.024374188
3,1810058I24Rik,-0.586856773
4,2-Mar,-0.234832691
5,2300002M23Rik,"-0.234832691, -0.080235316, -0.64552939"
6,2310061I04Rik,"-0.129603439, -0.461277202, 0.750403346"
7,2410017I17Rik,"-0.445291194, -0.674880326, -0.912718695"
8,2610528A11Rik,-0.586856773
9,3830403N18Rik,-0.84401249
10,4833413E03Rik,-0.445291194
11,4833427F10Rik,-0.340061942
12,4921501E09Rik,"1.711908464, -0.644175235, -0.937093794"
13,4930430F08Rik,-0.84401249
14,4930474N05Rik,-0.84401249
15,4930486L24Rik,-0.586856773
16,4930539E08Rik,"-0.445291194, -0.596744779, -0.885480118"
17,6030468B19Rik,3.013323254
18,9530003J23Rik,-0.586856773
19,A2m,0.698921808
20,ABCF1,0.782535286
21,ABCG1,3.059576156
22,ADAMTS10,3.059576156
23,AKAP8,-0.158930132
24,AKAP8L,-1.19231019
25,ATAT1,1.322412995
26,AY036118,-0.84401249
27,AY761185,-0.586856773
28,Abca15,-0.84401249
29,Abcb10,-0.586856773
30,Abcb9,-0.84401249
31,Abcc9,-0.586856773
32,Abcf1,"-0.445291194, -0.608276897, -0.903013963"
33,Abcf3,-0.586856773
34,Abcg1,"-0.234832691, 0.449549812, -0.757064971"
35,Abi1,-0.84401249
36,Abl1,0.441766092
37,Abl2,-0.84401249
38,Abr,0.441766092
39,Ace,-0.84401249
40,Ackr2,-0.586856773
41,Ackr3,-0.586856773
42,Ackr4,-0.586856773
43,Acod1,0.441766092
44,Acp5,-0.586856773
45,Acp6,-0.84401249
46,Actg1,-0.586856773
47,Actl9,"0.291313567, -0.010980793, -0.029465185"
48,Actn1,-0.84401249
49,Actr2,-0.586856773
50,Actr3,-0.586856773
51,Acvr1b,-0.586856773
52,Acvr2a,-0.586856773
53,Ada,1.470388957
54,Adam10,-0.329701057
55,Adam15,-0.586856773
56,Adam17,-0.072545341
57,Adam8,0.441766092
58,Adam9,-0.84401249
59,Adamts10,"3.237732612, -0.674943334, -0.474716473"
60,Adamts4,-0.586856773
61,Adamts5,-0.586856773
62,Adar,-0.072545341
63,Adcy7,0.184610375
64,Adcyap1,-0.072545341
65,Add1,-0.84401249
66,Add2,-0.84401249
67,Adgrb1,-0.586856773
68,Adgre1,-0.586856773
69,Adgrf4,-0.84401249
70,Adgrf5,-0.586856773
71,Adgrg3,-0.84401249
72,Adipoq,-0.586856773
73,Adk,-0.329701057
74,Adm,-0.586856773
75,Adora1,-0.586856773
76,Adora2a,-0.586856773
77,Adora2b,1.213233241
78,Adora3,1.213233241
79,Adrm1,-0.586856773
80,Adtrp,-0.586856773
81,Agbl4,-0.586856773
82,Agbl5,-0.586856773
83,Ager,1.727544673
84,Agpat5,-0.84401249
85,Ahctf1,-0.84401249
86,Ahcy,-0.586856773
87,Ahr,1.470388957
88,Ahsp,-0.84401249
89,Aicda,-0.586856773
90,Aif1,-0.329701057
91,Aim2,0.441766092
92,Aimp1,-0.84401249
93,Aire,-0.329701057
94,Ak7,-0.586856773
95,Akap1,-0.586856773
96,Akap8,"-0.586856773, -0.445291194, 0.214274011, 0.798824107"
97,Akap8l,"-0.445291194, 0.699939709, -0.351014864"
98,Akirin1,-0.329701057
99,Akirin2,0.441766092
100,Akt1,-0.586856773
101,Alas1,-0.84401249
102,Alas2,-0.84401249
103,Alcam,-0.586856773
104,Alox15,0.184610375
105,Alox5,-0.586856773
106,Alpk1,-0.586856773
107,Ampd3,-0.84401249
108,Ang,-0.586856773
109,Ang2,-0.586856773
110,Ang3,-0.586856773
111,Ang4,-0.586856773
112,Ang5,-0.586856773
113,Ang6,-0.586856773
114,Angpt1,-0.329701057
115,Angpt2,-0.84401249
116,Ank1,-0.84401249
117,Ankhd1,-0.586856773
118,Ankrd17,0.441766092
119,Ankrd54,-0.586856773
120,Anln,-0.84401249
121,Ano6,-0.329701057
122,Anxa1,1.470388957
123,Anxa2,-0.84401249
124,Anxa3,-0.586856773
125,Aoc3,-0.329701057
126,Ap1g1,1.984700389
127,Ap3b1,-0.329701057
128,Ap3d1,-0.329701057
129,Apbb1ip,-0.586856773
130,Apc,-0.586856773
131,Apcs,0.441766092
132,Aplf,1.213233241
133,Apoa1,-0.329701057
134,Apoa2,-0.329701057
135,Apoa4,-0.586856773
136,Apobec1,-0.586856773
137,Apobec3,-0.072545341
138,Apod,-0.586856773
139,Apoe,-0.072545341
140,App,-0.072545341
141,Appl1,0.698921808
142,Appl2,0.956077524
143,Aqp1,-0.586856773
144,Aqp3,-0.329701057
145,Aqp4,-0.586856773
146,Arg1,2.499011822
147,Arg2,-0.072545341
148,Arhgef2,-0.586856773
149,Arhgef5,-0.84401249
150,Arhgef7,-0.84401249
151,Arid4a,-0.84401249
152,Arid5a,3.527634687
153,Arih2,-0.84401249
154,Arl11,-0.84401249
155,Arl8b,-0.586856773
156,Armc5,-0.586856773
157,Armc6,-0.84401249
158,Arrb2,0.698921808
159,Artn,-0.84401249
160,Asxl1,-0.84401249
161,Asxl2,-0.329701057
162,Atad3a,-0.586856773
163,Atad5,3.013323254
164,Atat1,"-0.392676568, -0.352606266, -0.62668111"
165,Atf4,-0.84401249
166,Atg16l1,-0.586856773
167,Atg5,-0.329701057
168,Atg7,-0.329701057
169,Atg9a,-0.586856773
170,Atm,-0.586856773
171,Atp11c,-0.329701057
172,Atp6ap1,-0.329701057
173,Atp7a,-0.586856773
174,Atpif1,-0.84401249
175,Axin1,-0.84401249
176,Axl,-0.072545341
177,Azgp1,3.527634687
178,Azi2,-0.84401249
179,B2m,3.527634687
180,B4galt1,-0.84401249
181,BC004004,"3.553420367, -0.156046903, -0.268510201"
182,BC051665,-0.586856773
183,BC053393,-0.329701057
184,BRD4,-2.13542139
185,BRPF3,0.422307074
186,BTBD9,0.014515025
187,Babam1,-0.84401249
188,Bach2,-0.586856773
189,Bad,-0.329701057
190,Bag6,0.441766092
191,Bak1,-0.84401249
192,Bank1,-0.586856773
193,Bap1,-0.84401249
194,Barx1,-0.84401249
195,Batf,-0.586856773
196,Batf2,-0.586856773
197,Batf3,-0.84401249
198,Bax,0.441766092
199,Bcap31,-0.586856773
200,Bcar1,0.441766092
201,Bcl10,0.441766092
202,Bcl11a,-0.84401249
203,Bcl11b,-0.84401249
204,Bcl2,0.441766092
205,Bcl2a1a,-0.84401249
206,Bcl2a1d,0.441766092
207,Bcl2l1,-0.586856773
208,Bcl2l11,-0.84401249
209,Bcl3,-0.586856773
210,Bcl6,1.470388957
211,Bcl6b,-0.329701057
212,Bcr,0.441766092
213,Bdkrb1,-0.329701057
214,Bdkrb2,-0.586856773
215,Becn1,-0.586856773
216,Blk,1.213233241
217,Blm,-0.329701057
218,Blnk,0.441766092
219,Bloc1s3,-0.329701057
220,Bloc1s6,-0.329701057
221,Bmi1,-0.072545341
222,Bmncr,-0.84401249
223,Bmp4,-0.586856773
224,Bmp6,-0.586856773
225,Bmpr1a,-0.586856773
226,Bmx,0.441766092
227,Bnip3,-0.586856773
228,Bnip3l,-0.586856773
229,Bpgm,-0.84401249
230,Bpi,-0.329701057
231,Bpifa1,-0.586856773
232,Bpifa2,-0.586856773
233,Bpifa5,-0.586856773
234,Bpifb1,-0.586856773
235,Bpifb3,-0.586856773
236,Braf,0.441766092
237,Brca2,-0.84401249
238,Brd1,-0.586856773
239,Brd4,"0.028240438, -0.566396283, -0.976281976"
240,Brpf3,"-0.392676568, -0.563911882, 0.541182721"
241,Bsg,-0.84401249
242,Bst1,-0.329701057
243,Bst2,-0.586856773
244,Btbd9,"1.185762206, 0.297737533, -0.640796671"
245,Btk,3.013323254
246,Btla,-0.072545341
247,Btn1a1,0.441766092
248,Btn2a2,0.441766092
249,Btnl1,0.441766092
250,Btnl10,0.441766092
251,Btnl2,0.441766092
252,Btnl4,0.441766092
253,Btnl6,0.441766092
254,Btnl9,0.441766092
255,Bves,-0.84401249
256,C1qa,0.441766092
257,C1qb,0.441766092
258,C1qbp,0.698921808
259,C1qc,0.441766092
260,C1ra,0.441766092
261,C1rb,0.441766092
262,C1rl,0.441766092
263,C1s1,0.441766092
264,C1s2,0.441766092
265,C2,0.441766092
266,C3,3.013323254
267,C3ar1,0.441766092
268,C4a,0.441766092
269,C4b,0.441766092
270,C4bp,1.727544673
271,C5ar1,0.441766092
272,C5ar2,0.441766092
273,C6,0.956077524
274,C8a,0.441766092
275,C8b,0.441766092
276,C8g,0.441766092
277,C9,0.441766092
278,C920025E04Rik,-0.445291194
279,CBS,-0.140563556
280,CCDC167,3.059576156
281,CCHCR1,0.014515025
282,CDKN1A,-1.441039164
283,CMTR1,1.163597224
284,CPNE5,3.059576156
285,CRYAA,-0.288081318
286,Cacna1c,-0.84401249
287,Cacnb3,0.441766092
288,Cacnb4,0.441766092
289,Cactin,-0.072545341
290,Cadm1,1.984700389
291,Calcoco2,-0.586856773
292,Calcr,-0.84401249
293,Calr,-0.329701057
294,Camk1d,-0.329701057
295,Camk4,-0.586856773
296,Caml,-0.84401249
297,Camp,-0.586856773
298,Capg,-0.586856773
299,Capn1,-0.586856773
300,Car2,-0.329701057
301,Card11,0.441766092
302,Card9,1.470388957
303,Carmil2,0.441766092
304,Cartpt,-0.586856773
305,Casp1,-0.586856773
306,Casp3,-0.586856773
307,Casp4,-0.586856773
308,Casp8,0.184610375
309,Cav1,-0.329701057
310,Cbfa2t3,-0.84401249
311,Cbfb,-0.329701057
312,Cblb,0.441766092
313,Cbs,"0.817459825, -0.133940354, -0.262904288"
314,Ccdc134,-0.84401249
315,Ccdc167,-0.340061942
316,Ccdc88b,-0.072545341
317,Cchcr1,"-0.392676568, -0.505635782, -0.599952431"
318,Ccl1,-0.072545341
319,Ccl11,-0.586856773
320,Ccl12,-0.072545341
321,Ccl17,-0.586856773
322,Ccl19,1.470388957
323,Ccl2,0.956077524
324,Ccl20,-0.072545341
325,Ccl21a,-0.072545341
326,Ccl21b,-0.329701057
327,Ccl21c,-0.586856773
328,Ccl22,-0.586856773
329,Ccl24,-0.072545341
330,Ccl25,-0.329701057
331,Ccl26,-0.586856773
332,Ccl27a,-0.329701057
333,Ccl27b,-0.586856773
334,Ccl28,-0.329701057
335,Ccl3,-0.072545341
336,Ccl4,-0.072545341
337,Ccl5,0.184610375
338,Ccl6,-0.586856773
339,Ccl7,-0.586856773
340,Ccl8,-0.586856773
341,Ccl9,-0.586856773
342,Ccn3,-0.586856773
343,Ccn4,-0.84401249
344,Ccnb2,-0.84401249
345,Ccnd3,-0.84401249
346,Ccr1,0.184610375
347,Ccr10,-0.586856773
348,Ccr1l1,-0.072545341
349,Ccr2,2.756167538
350,Ccr3,-0.586856773
351,Ccr4,-0.586856773
352,Ccr5,-0.586856773
353,Ccr6,-0.072545341
354,Ccr7,1.470388957
355,Ccr8,-0.586856773
356,Ccr9,-0.586856773
357,Ccrl2,-0.586856773
358,Cd101,-0.329701057
359,Cd109,-0.84401249
360,Cd14,-0.586856773
361,Cd151,-0.84401249
362,Cd160,2.241856106
363,Cd177,1.470388957
364,Cd180,-0.586856773
365,Cd19,0.441766092
366,Cd1d1,3.527634687
367,Cd1d2,3.527634687
368,Cd2,-0.84401249
369,Cd200,-0.072545341
370,Cd200r1,-0.586856773
371,Cd207,-0.586856773
372,Cd209a,-0.586856773
373,Cd209d,-0.586856773
374,Cd209e,-0.329701057
375,Cd22,0.698921808
376,Cd226,3.013323254
377,Cd244a,0.441766092
378,Cd247,0.441766092
379,Cd248,-0.84401249
380,Cd24a,3.527634687
381,Cd27,0.184610375
382,Cd274,1.470388957
383,Cd276,0.441766092
384,Cd28,3.013323254
385,Cd300a,1.213233241
386,Cd300c,-0.84401249
387,Cd300c2,-0.84401249
388,Cd300e,-0.84401249
389,Cd300lb,-0.329701057
390,Cd300ld,-0.84401249
391,Cd300ld3,-0.84401249
392,Cd300lf,-0.586856773
393,Cd300lg,-0.84401249
394,Cd320,-0.329701057
395,Cd34,-0.84401249
396,Cd36,0.441766092
397,Cd37,0.698921808
398,Cd38,0.441766092
399,Cd3d,-0.586856773
400,Cd3e,0.441766092
401,Cd3g,-0.586856773
402,Cd4,1.470388957
403,Cd40,3.013323254
404,Cd40lg,0.698921808
405,Cd44,0.956077524
406,Cd46,1.984700389
407,Cd47,0.698921808
408,Cd48,0.184610375
409,Cd5,-0.329701057
410,Cd55,1.727544673
411,Cd55b,1.727544673
412,Cd59a,0.698921808
413,Cd59b,0.698921808
414,Cd5l,0.698921808
415,Cd6,-0.072545341
416,Cd68,-0.329701057
417,Cd7,-0.586856773
418,Cd70,-0.586856773
419,Cd74,1.470388957
420,Cd79a,0.441766092
421,Cd79b,0.441766092
422,Cd80,-0.072545341
423,Cd81,3.527634687
424,Cd83,-0.329701057
425,Cd84,0.956077524
426,Cd86,0.441766092
427,Cd8a,-0.586856773
428,Cd8b1,-0.072545341
429,Cd9,-0.586856773
430,Cd96,0.698921808
431,Cd99,-0.329701057
432,Cd99l2,-0.329701057
433,Cdc37,-0.072545341
434,Cdc42,-0.586856773
435,Cdc42ep2,-0.586856773
436,Cdc42ep4,-0.586856773
437,Cdc73,-0.586856773
438,Cdh17,-0.586856773
439,Cdh26,-0.84401249
440,Cdin1,-0.84401249
441,Cdk13,-0.84401249
442,Cdk5rap3,-0.84401249
443,Cdk6,-0.586856773
444,Cdkn1a,"-0.329701057, -0.234832691, -0.700786308, 2.231403765"
445,Cdkn1c,-0.84401249
446,Cdkn2a,-0.586856773
447,Cdkn2b,-0.84401249
448,Ceacam1,1.213233241
449,Ceacam20,-0.84401249
450,Cebpa,-0.329701057
451,Cebpb,-0.329701057
452,Cebpd,-0.84401249
453,Cebpe,-0.586856773
454,Cebpg,-0.586856773
455,Cfb,0.441766092
456,Cfc1,-0.84401249
457,Cfd,0.441766092
458,Cfh,0.698921808
459,Cfhr1,-0.586856773
460,Cfi,0.441766092
461,Cfp,0.441766092
462,Cftr,-0.329701057
463,Cgas,0.698921808
464,Ch25h,-0.84401249
465,Chd2,-0.84401249
466,Chd7,-0.84401249
467,Chga,-0.586856773
468,Chia1,-0.586856773
469,Chid1,-0.586856773
470,Chrna4,-0.84401249
471,Chrna7,-0.84401249
472,Chrnb2,-0.329701057
473,Chst3,-0.84401249
474,Chst4,-0.84401249
475,Chuk,-0.586856773
476,Ciao3,-0.84401249
477,Ciapin1,-0.84401249
478,Cib1,-0.586856773
479,Ciita,-0.586856773
480,Cited1,-0.586856773
481,Cited2,-0.84401249
482,Cklf,-0.84401249
483,Clcf1,3.013323254
484,Cldn18,-0.586856773
485,Clec12a,-0.072545341
486,Clec12b,0.698921808
487,Clec1b,-0.84401249
488,Clec2d,0.698921808
489,Clec2g,-0.586856773
490,Clec2i,0.441766092
491,Clec4a2,-0.586856773
492,Clec4b2,-0.329701057
493,Clec4d,0.184610375
494,Clec4e,-0.072545341
495,Clec4f,-0.84401249
496,Clec4g,1.470388957
497,Clec4n,1.470388957
498,Clec5a,-0.586856773
499,Clec7a,-0.329701057
500,Clnk,1.984700389
501,Clpb,-0.586856773
502,Clptm1,-0.586856773
503,Clu,-0.84401249
504,Cmklr1,0.441766092
505,Cmtm3,0.441766092
506,Cmtm7,-0.84401249
507,Cmtr1,-0.287447317
508,Cnn2,-0.84401249
509,Cnot4,-0.586856773
510,Cnot6,3.527634687
511,Cnot7,-0.072545341
512,Cnpy3,-0.586856773
513,Cnr1,0.441766092
514,Cnr2,-0.586856773
515,Coch,0.441766092
516,Col24a1,-0.84401249
517,Col3a1,-0.072545341
518,Colec11,0.441766092
519,Colec12,-0.586856773
520,Coro1a,-0.072545341
521,Cotl1,-0.586856773
522,Cplx2,-0.586856773
523,Cpne5,"-0.234832691, -0.704399392, -0.656180124"
524,Cr1l,1.727544673
525,Cr2,1.727544673
526,Cracr2a,-0.586856773
527,Crcp,-0.586856773
528,Creb1,-0.329701057
529,Creb3,0.184610375
530,Crhr1,1.213233241
531,Crip2,-0.84401249
532,Crip3,-0.84401249
533,Crk,0.698921808
534,Crkl,0.441766092
535,Crlf2,-0.072545341
536,Crp,0.441766092
537,Crtam,1.984700389
538,Crtc3,-0.84401249
539,Cryaa,"-0.287447317, -0.1441027, 0.151555425"
540,Csde1,3.527634687
541,Csf1,-0.072545341
542,Csf1r,-0.072545341
543,Csf2,-0.586856773
544,Csf3,-0.329701057
545,Csf3r,-0.586856773
546,Csk,0.441766092
547,Cst11,-0.586856773
548,Cst7,-0.329701057
549,Cst9,-0.586856773
550,Cstdc2,-0.586856773
551,Ctc1,-0.84401249
552,Ctla2a,-0.586856773
553,Ctla4,0.441766092
554,Ctnnb1,-0.586856773
555,Ctnnbip1,-0.329701057
556,Ctnnbl1,-0.84401249
557,Ctps,-0.84401249
558,Ctr9,-0.586856773
559,Cts3,-0.586856773
560,Cts6,-0.586856773
561,Cts7,-0.586856773
562,Cts8,-0.586856773
563,Ctsc,-0.072545341
564,Ctse,-0.84401249
565,Ctsg,0.441766092
566,Ctsh,-0.072545341
567,Ctsj,-0.586856773
568,Ctsk,-0.586856773
569,Ctsl,-0.586856773
570,Ctsll3,-0.586856773
571,Ctsm,-0.586856773
572,Ctsq,-0.586856773
573,Ctsr,-0.586856773
574,Ctss,-0.586856773
575,Cuedc2,-0.329701057
576,Cul4a,-0.586856773
577,Cx3cl1,-0.072545341
578,Cx3cr1,0.441766092
579,Cxadr,-0.586856773
580,Cxcl1,1.470388957
581,Cxcl10,-0.072545341
582,Cxcl11,-0.586856773
583,Cxcl12,-0.072545341
584,Cxcl13,-0.072545341
585,Cxcl14,-0.072545341
586,Cxcl15,-0.586856773
587,Cxcl16,-0.586856773
588,Cxcl17,-0.329701057
589,Cxcl2,-0.586856773
590,Cxcl3,-0.586856773
591,Cxcl5,0.441766092
592,Cxcl9,-0.586856773
593,Cxcr1,-0.586856773
594,Cxcr2,-0.072545341
595,Cxcr3,-0.329701057
596,Cxcr4,-0.586856773
597,Cxcr5,-0.586856773
598,Cxcr6,-0.586856773
599,Cyba,0.441766092
600,Cybb,-0.586856773
601,Cybc1,-0.586856773
602,Cyld,0.441766092
603,Cyp19a1,-0.586856773
604,Cyp26b1,-0.586856773
605,Cyp27b1,-0.586856773
606,Cyp2c66,-0.84401249
607,Cyp4f13,"3.711264244, -0.323183503, 0.395577739"
608,Cyp4f14,"2.974659483, -0.418593687, -0.438487681"
609,Cyp4f15,"-0.076988813, -0.218168957, -0.475050248"
610,Cyp4f16,"-0.445291194, 1.986512413, -0.862014656"
611,Cyp4f17,-0.445291194
612,Cyp4f39,"-0.445291194, -0.63876426, -0.838973925"
613,Cyp4f40,"-0.445291194, -0.395014788, -0.849027304"
614,Cyp4f41-ps,"4.237410502, 0.292006222, -0.983715158"
615,Cyp7b1,-0.84401249
616,Cyrib,3.527634687
617,Cysltr1,-0.586856773
618,D6Wsu163e,0.956077524
619,DDR1,-0.527478087
620,DHX16,0.782535286
621,DNAH8,0.782535286
622,Dab2,-0.84401249
623,Dab2ip,-0.586856773
624,Dact2,-0.84401249
625,Dapk1,-0.586856773
626,Dapk2,-0.329701057
627,Dapk3,-0.586856773
628,Dbh,-0.84401249
629,Dbnl,-0.586856773
630,Dcaf1,-0.84401249
631,Dcaf15,-0.586856773
632,Dclre1c,-0.586856773
633,Dcst1,-0.072545341
634,Dcstamp,-0.329701057
635,Ddias,-0.84401249
636,Ddit4,-0.586856773
637,Ddost,-0.84401249
638,Ddr1,"-0.234832691, 2.619315362, -0.904736328"
639,Ddt,-0.586856773
640,Ddx1,0.956077524
641,Ddx17,-0.586856773
642,Ddx21,0.956077524
643,Ddx3x,-0.586856773
644,Ddx41,-0.586856773
645,Ddx58,1.213233241
646,Ddx60,0.441766092
647,Defa-rs10,-0.586856773
648,Defa-rs12,-0.586856773
649,Defa-rs2,-0.586856773
650,Defa-rs4,-0.586856773
651,Defa1,-0.586856773
652,Defa10,-0.586856773
653,Defa11,-0.586856773
654,Defa12,-0.586856773
655,Defa13,-0.586856773
656,Defa14,-0.586856773
657,Defa15,-0.586856773
658,Defa16,-0.586856773
659,Defa17,-0.586856773
660,Defa2,-0.586856773
661,Defa20,-0.586856773
662,Defa21,-0.586856773
663,Defa22,-0.586856773
664,Defa23,-0.586856773
665,Defa24,-0.586856773
666,Defa25,-0.586856773
667,Defa26,-0.586856773
668,Defa27,-0.586856773
669,Defa28,-0.586856773
670,Defa29,-0.586856773
671,Defa3,-0.586856773
672,Defa30,-0.586856773
673,Defa31,-0.586856773
674,Defa34,-0.586856773
675,Defa35,-0.586856773
676,Defa37,-0.586856773
677,Defa38,-0.586856773
678,Defa39,-0.586856773
679,Defa4,-0.586856773
680,Defa40,-0.586856773
681,Defa41,-0.586856773
682,Defa42,-0.586856773
683,Defa5,-0.586856773
684,Defa6,-0.586856773
685,Defa7,-0.586856773
686,Defa8,-0.586856773
687,Defa9,-0.586856773
688,Defb1,-0.586856773
689,Defb10,-0.586856773
690,Defb11,-0.586856773
691,Defb12,-0.586856773
692,Defb13,-0.586856773
693,Defb14,-0.586856773
694,Defb15,-0.586856773
695,Defb18,-0.586856773
696,Defb19,-0.586856773
697,Defb2,-0.586856773
698,Defb20,-0.586856773
699,Defb22,-0.586856773
700,Defb25,-0.072545341
701,Defb29,-0.586856773
702,Defb3,-0.586856773
703,Defb30,-0.586856773
704,Defb33,-0.586856773
705,Defb34,-0.586856773
706,Defb35,-0.586856773
707,Defb36,-0.586856773
708,Defb37,-0.586856773
709,Defb38,-0.586856773
710,Defb39,-0.586856773
711,Defb4,-0.586856773
712,Defb40,-0.586856773
713,Defb41,-0.586856773
714,Defb42,-0.586856773
715,Defb43,-0.586856773
716,Defb46,-0.586856773
717,Defb47,-0.586856773
718,Defb48,-0.586856773
719,Defb5,-0.586856773
720,Defb50,-0.586856773
721,Defb6,-0.586856773
722,Defb7,-0.586856773
723,Defb8,-0.586856773
724,Defb9,-0.586856773
725,Dennd1b,3.527634687
726,Dgkz,0.441766092
727,Dh,-0.84401249
728,Dhps,-0.329701057
729,Dhrs7b,-0.84401249
730,Dhtkd1,-0.84401249
731,Dhx16,"-0.129603439, -0.280781036, -0.865778665"
732,Dhx36,0.956077524
733,Dhx58,0.698921808
734,Dhx9,0.441766092
735,Dicer1,-0.329701057
736,Dlg1,-0.329701057
737,Dlg5,-0.586856773
738,Dlk1,-0.329701057
739,Dll1,-0.329701057
740,Dll4,-0.84401249
741,Dmbt1,-0.586856773
742,Dmtn,-0.84401249
743,Dnah8,-0.129603439
744,Dnai4,-0.84401249
745,Dnaja3,0.184610375
746,Dnajb9,0.184610375
747,Dnase1,0.184610375
748,Dnase1l3,0.184610375
749,Dnase2a,-0.072545341
750,Dnm1l,-0.329701057
751,Dock1,-0.84401249
752,Dock10,-0.586856773
753,Dock11,-0.586856773
754,Dock2,-0.586856773
755,Dock7,-0.84401249
756,Dock8,-0.329701057
757,Dpcr1,"-0.445291194, -0.207625291, -0.657096777"
758,Dpep1,-0.84401249
759,Dpp4,1.727544673
760,Dppa1,-0.329701057
761,Drd2,3.527634687
762,Drd3,3.527634687
763,Drd4,3.527634687
764,Drosha,-0.329701057
765,Dtx1,-0.586856773
766,Dtx3l,-0.072545341
767,Dusp1,-0.586856773
768,Dusp10,0.698921808
769,Dusp22,1.984700389
770,Dusp3,0.441766092
771,Duxbl1,-0.586856773
772,Dyrk3,-0.84401249
773,Dysf,-0.072545341
774,Ear1,-0.586856773
775,Ear10,-0.586856773
776,Ear14,-0.586856773
777,Ear2,-0.586856773
778,Ear3,-0.586856773
779,Ear4,-0.586856773
780,Ear6,-0.586856773
781,Ebi3,-0.84401249
782,Ebp,-0.84401249
783,Ecm1,-0.072545341
784,Ecsit,-0.586856773
785,Eda,-0.586856773
786,Edn1,-0.329701057
787,Edn2,-0.329701057
788,Edn3,-0.329701057
789,Ednra,-0.329701057
790,Ednrb,-0.84401249
791,Eef2,-0.84401249
792,Efna2,-0.84401249
793,Efnb1,-0.329701057
794,Efnb2,-0.329701057
795,Efnb3,-0.329701057
796,Egr1,-0.84401249
797,Egr3,-0.329701057
798,Eif2ak1,-0.84401249
799,Eif2ak2,-0.586856773
800,Eif2ak4,0.956077524
801,Eif2b1,0.441766092
802,Eif2b2,0.441766092
803,Eif2b3,0.441766092
804,Eif2b4,0.441766092
805,Eif2b5,0.441766092
806,Eif6,-0.586856773
807,Elane,0.441766092
808,Elf1,0.441766092
809,Elf4,-0.586856773
810,Elmod2,-0.072545341
811,Emilin1,-0.586856773
812,Eml1,-0.84401249
813,Emp2,-0.586856773
814,Endou,-0.586856773
815,Enpp1,-0.586856773
816,Enpp2,-0.586856773
817,Enpp3,0.698921808
818,Entpd7,-0.072545341
819,Eomes,-0.586856773
820,Ep300,-0.84401249
821,Epas1,-0.84401249
822,Epb42,-0.84401249
823,Epha2,-0.586856773
824,Ephb1,-0.84401249
825,Ephb2,0.184610375
826,Ephb3,-0.84401249
827,Ephb4,-0.329701057
828,Ephb6,-0.072545341
829,Ephx3,"0.238698941, -0.836998786, -0.353793108"
830,Epo,-0.329701057
831,Eprs,-0.586856773
832,Eps8,-0.84401249
833,Epx,-0.586856773
834,Erap1,-0.586856773
835,Erbb2,-0.586856773
836,Ercc1,-0.586856773
837,Ercc2,-0.84401249
838,Ercc6,-0.072545341
839,Ereg,0.441766092
840,Ermap,0.441766092
841,Esco2,-0.84401249
842,Esp18,-0.076988813
843,Esp23,-0.234832691
844,Esp24,-0.076988813
845,Esp31,4.447869006
846,Esp34,6.236766283
847,Esrra,-0.586856773
848,Ets1,-0.586856773
849,Etv2,-0.84401249
850,Etv6,-0.84401249
851,Evi2b,-0.329701057
852,Evl,-0.586856773
853,Exo1,-0.586856773
854,Exoc6,-0.84401249
855,Exosc3,3.013323254
856,Exosc4,-0.586856773
857,Exosc5,-0.586856773
858,Exosc6,3.013323254
859,Ext1,-0.586856773
860,Ezh2,-0.84401249
861,Ezr,0.441766092
862,F11r,-0.84401249
863,F2,-0.586856773
864,F2rl1,1.470388957
865,F7,-0.329701057
866,FGD2,2.591221079
867,FLOT1,-0.933824685
868,Fadd,3.527634687
869,Fam20c,-0.84401249
870,Fam210b,-0.586856773
871,Fam3a,-0.072545341
872,Fanca,-0.586856773
873,Fancc,-0.84401249
874,Fancd2,-0.586856773
875,Farp2,-0.84401249
876,Fas,-0.329701057
877,Fasl,-0.586856773
878,Fasn,-0.84401249
879,Fau,-0.586856773
880,Fbn1,-0.586856773
881,Fbxo38,-0.586856773
882,Fbxo7,-0.586856773
883,Fbxo9,-0.586856773
884,Fbxw7,-0.586856773
885,Fcamr,-0.586856773
886,Fcer1a,3.013323254
887,Fcer1g,3.013323254
888,Fcer2a,3.013323254
889,Fcgr1,3.013323254
890,Fcgr2b,1.727544673
891,Fcgr3,3.013323254
892,Fcgr4,-0.072545341
893,Fcgrt,-0.586856773
894,Fcmr,-0.84401249
895,Fcna,0.441766092
896,Fcnb,0.441766092
897,Fcrl1,-0.84401249
898,Fcrl5,0.441766092
899,Fcrl6,-0.072545341
900,Fcrlb,-0.072545341
901,Fech,-0.84401249
902,Fer,0.956077524
903,Fer1l5,-0.586856773
904,Fes,0.956077524
905,Ffar2,0.956077524
906,Ffar3,0.441766092
907,Fga,-0.586856773
908,Fgb,-0.586856773
909,Fgd2,"9.551487709, -0.238074948, 0.246163544"
910,Fgf10,-0.329701057
911,Fgf3,-0.84401249
912,Fgfr2,-0.84401249
913,Fgfr3,-0.586856773
914,Fgg,-0.586856773
915,Fgl1,-0.072545341
916,Fgl2,0.184610375
917,Fgr,1.213233241
918,Fkbp1a,-0.072545341
919,Fkbp1b,-0.84401249
920,Flcn,-0.84401249
921,Fli1,-0.84401249
922,Flnb,-0.586856773
923,Flot1,"-0.445291194, 0.825968346, 1.067765749"
924,Flot2,-0.329701057
925,Flt1,-0.84401249
926,Flt3,-0.586856773
927,Flt3l,-0.329701057
928,Flt4,-0.84401249
929,Flvcr1,-0.84401249
930,Fnip1,-0.84401249
931,Fos,-0.329701057
932,Foxf1,0.956077524
933,Foxj1,1.470388957
934,Foxl1,-0.84401249
935,Foxn1,-0.586856773
936,Foxo3,-0.586856773
937,Foxp1,0.441766092
938,Foxp3,3.527634687
939,Fpr-rs3,0.441766092
940,Fpr-rs4,0.441766092
941,Fpr-rs6,0.441766092
942,Fpr-rs7,0.441766092
943,Fpr1,0.441766092
944,Fpr2,0.441766092
945,Fpr3,0.441766092
946,Frk,-0.586856773
947,Fshb,-0.586856773
948,Fshr,-0.586856773
949,Fst,-0.84401249
950,Fstl3,-0.586856773
951,Fubp1,-0.84401249
952,Fut4,-0.586856773
953,Fut7,1.470388957
954,Fut9,-0.586856773
955,Fv1,-0.586856773
956,Fyb,0.441766092
957,Fyb2,0.441766092
958,Fyn,0.441766092
959,Fzd5,3.527634687
960,Fzd7,-0.84401249
961,Fzd8,-0.84401249
962,Fzd9,-0.84401249
963,G3bp1,-0.586856773
964,G3bp2,-0.586856773
965,G6pdx,-0.84401249
966,GABBR1,0.422307074
967,GLO1,0.708897251
968,GLP1R,0.351464222
969,GNL1,1.163597224
970,GTF2H4,0.857005407
971,Gab2,1.213233241
972,Gab3,-0.84401249
973,Gabbr1,"-0.340061942, 1.341651624, -0.280338619"
974,Gabpa,-0.586856773
975,Gadd45g,-0.586856773
976,Gal,-0.586856773
977,Galp,-0.586856773
978,Gapdh,-0.586856773
979,Gapt,-0.586856773
980,Gas2l1,-0.586856773
981,Gas6,-0.072545341
982,Gata1,-0.586856773
983,Gata2,1.213233241
984,Gata3,3.527634687
985,Gata6,-0.072545341
986,Gba,-0.84401249
987,Gbf1,-0.586856773
988,Gbp10,-0.586856773
989,Gbp11,-0.586856773
990,Gbp2,-0.586856773
991,Gbp2b,-0.586856773
992,Gbp3,-0.586856773
993,Gbp4,-0.072545341
994,Gbp5,0.441766092
995,Gbp6,-0.586856773
996,Gbp7,-0.586856773
997,Gbp8,-0.586856773
998,Gbp9,-0.586856773
999,Gch1,-0.586856773
1000,Gcnt1,-0.84401249
1001,Gcnt3,-0.586856773
1002,Gcsam,0.441766092
1003,Gene,"Z-Score, Z-Score: GSE60336, Z-Score: GSE_60337, SPath Z-Score"
1004,Gfer,0.698921808
1005,Gfi1,-0.84401249
1006,Gfi1b,-0.329701057
1007,Gfus,-0.586856773
1008,Ggt1,-0.586856773
1009,Gimap1,-0.84401249
1010,Git1,-0.84401249
1011,Gja1,-0.84401249
1012,Gli3,-0.329701057
1013,Glmn,-0.586856773
1014,Glo1,"-0.84401249, -0.234832691, 7.280432519, 4.541457088"
1015,Glp1r,"0.554386696, -0.312575466, -0.165708104"
1016,Gm10045,0.50177207
1017,Gm10074,-0.340061942
1018,Gm11127,3.527634687
1019,Gm11131,-0.445291194
1020,Gm12169,-0.329701057
1021,Gm13271,-0.586856773
1022,Gm13275,-0.586856773
1023,Gm13276,-0.586856773
1024,Gm13278,-0.586856773
1025,Gm13283,-0.586856773
1026,Gm13287,-0.586856773
1027,Gm15318,-0.392676568
1028,Gm16191,-0.445291194
1029,Gm16194,-0.234832691
1030,Gm16279,-0.340061942
1031,Gm16758,-0.076988813
1032,Gm17115,1.238376832
1033,Gm17276,0.712230574
1034,Gm17472,-0.586856773
1035,Gm17572,-0.024374188
1036,Gm17657,-0.340061942
1037,Gm19807,-0.445291194
1038,Gm20391,-0.445291194
1039,Gm20392,-0.445291194
1040,Gm20401,-0.234832691
1041,Gm20442,-0.287447317
1042,Gm20443,-0.340061942
1043,Gm20447,-0.392676568
1044,Gm20507,0.50177207
1045,Gm20525,-0.392676568
1046,Gm20526,-0.392676568
1047,Gm20530,0.186084316
1048,Gm20546,-0.445291194
1049,Gm20730,-0.586856773
1050,Gm21903,-0.076988813
1051,Gm21970,-0.586856773
1052,Gm22327,-0.024374188
1053,Gm22943,-0.392676568
1054,Gm23294,3.237732612
1055,Gm24026,-0.234832691
1056,Gm24661,-0.340061942
1057,Gm24970,-0.445291194
1058,Gm25049,-0.287447317
1059,Gm25447,-0.287447317
1060,Gm25555,1.238376832
1061,Gm25667,0.396542819
1062,Gm25883,-0.182218065
1063,Gm26549,-0.076988813
1064,Gm26858,-0.445291194
1065,Gm26885,0.028240438
1066,Gm27599,-0.392676568
1067,Gm28033,-0.392676568
1068,Gm28043,-0.445291194
1069,Gm28052,-0.392676568
1070,Gm318,-0.445291194
1071,Gm36028,0.441766092
1072,Gm36723,-0.84401249
1073,Gm42421,-0.84401249
1074,Gm42543,-0.586856773
1075,Gm4256,-0.287447317
1076,Gm4271,-0.287447317
1077,Gm43218,-0.586856773
1078,Gm43302,-0.586856773
1079,Gm4461,-0.076988813
1080,Gm45717,-0.586856773
1081,Gm45915,-0.84401249
1082,Gm4830,-0.340061942
1083,Gm4831,"-0.340061942, -0.768318344, -0.852915546"
1084,Gm49352,-0.586856773
1085,Gm5150,-0.329701057
1086,Gm5571,-0.586856773
1087,Gm5629,0.441766092
1088,Gm5682,-0.392676568
1089,Gm5849,-0.586856773
1090,Gm6623,"0.238698941, -0.634018317, -0.863844952"
1091,Gm7030,3.527634687
1092,Gm7534,-0.84401249
1093,Gm8810,-0.392676568
1094,Gm8835,-0.287447317
1095,Gm8878,0.396542819
1096,Gm8909,"3.527634687, -0.445291194"
1097,Gm9573,"-0.234832691, -0.561756137, -0.596743875"
1098,Gm9574,-0.287447317
1099,Gm9612,-0.445291194
1100,Gm9613,-0.445291194
1101,Gm9733,-0.329701057
1102,Gmpr2,-0.84401249
1103,Gnao1,3.527634687
1104,Gnas,-0.329701057
1105,Gnl1,"-0.392676568, -0.708982079, -0.228565325"
1106,Gnrh1,-0.586856773
1107,Golph3,-0.84401249
1108,Gon4l,-0.84401249
1109,Gp2,-0.586856773
1110,Gpam,-0.072545341
1111,Gpatch3,-0.072545341
1112,Gpatch4,-0.84401249
1113,Gpc3,-0.84401249
1114,Gper1,-0.329701057
1115,Gpi1,0.184610375
1116,Gpld1,0.441766092
1117,Gpnmb,-0.586856773
1118,Gpr108,-0.072545341
1119,Gpr137,-0.586856773
1120,Gpr137b,-0.586856773
1121,Gpr15,-0.84401249
1122,Gpr17,-0.072545341
1123,Gpr171,-0.586856773
1124,Gpr174,-0.84401249
1125,Gpr18,-0.586856773
1126,Gpr183,-0.072545341
1127,Gpr31b,0.441766092
1128,Gpr33,0.441766092
1129,Gpr35,-0.84401249
1130,Gpr55,-0.586856773
1131,Gpr68,-0.329701057
1132,Gpr89,-0.84401249
1133,Gprc5b,0.184610375
1134,Gps2,0.441766092
1135,Gpsm3,-0.329701057
1136,Gpx1,-0.072545341
1137,Gpx2,-0.072545341
1138,Grem1,-0.586856773
1139,Grn,0.698921808
1140,Gsdma,-0.586856773
1141,Gsdma2,-0.586856773
1142,Gsdma3,-0.586856773
1143,Gsdmc,-0.586856773
1144,Gsdmc2,-0.586856773
1145,Gsdmc3,-0.586856773
1146,Gsdmc4,-0.586856773
1147,Gsdmd,-0.586856773
1148,Gsdme,0.441766092
1149,Gsk3b,-0.329701057
1150,Gsn,-0.586856773
1151,Gtf2h4,"-0.340061942, 0.095276191, -0.833276608"
1152,Gtpbp2,3.527634687
1153,Gzmb,-0.586856773
1154,Gzmm,-0.586856773
1155,H2-Aa,-0.072545341
1156,H2-Ab1,1.470388957
1157,H2-Bl,"3.527634687, -0.445291194, -0.018339574, -0.523154685"
1158,H2-D1,3.527634687
1159,H2-DMa,1.470388957
1160,H2-DMb1,-0.586856773
1161,H2-DMb2,-0.84401249
1162,H2-Eb1,-0.586856773
1163,H2-K1,3.527634687
1164,H2-L,3.527634687
1165,H2-M1,3.527634687
1166,H2-M10.1,3.527634687
1167,H2-M10.2,3.527634687
1168,H2-M10.3,3.527634687
1169,H2-M10.4,"3.527634687, -0.445291194, 0.610826526, 0.118337598"
1170,H2-M10.5,"3.527634687, -0.234832691, -0.07092889, -0.235299599"
1171,H2-M10.6,"3.527634687, -0.445291194, -0.732597447, -0.575503533"
1172,H2-M11,3.527634687
1173,H2-M2,3.527634687
1174,H2-M3,3.527634687
1175,H2-M5,3.527634687
1176,H2-M9,"3.527634687, -0.392676568, -0.680020972, -0.460912691"
1177,H2-Oa,-0.586856773
1178,H2-Ob,-0.586856773
1179,H2-Q1,3.527634687
1180,H2-Q10,3.527634687
1181,H2-Q2,3.527634687
1182,H2-Q4,3.527634687
1183,H2-Q5,0.659615948
1184,H2-Q6,3.527634687
1185,H2-Q7,3.527634687
1186,H2-Q8,3.527634687
1187,H2-Q9,3.527634687
1188,H2-T10,"3.527634687, -0.445291194, 0.655709151, -0.274770417"
1189,H2-T22,3.527634687
1190,H2-T23,"3.527634687, -0.392676568, -0.564898068, 1.493617335"
1191,H2-T24,"3.527634687, -0.445291194, -0.23387052, 0.910994931"
1192,H2-T3,3.527634687
1193,H2bc1,-0.84401249
1194,H2bc12,-0.586856773
1195,H2bc13,-0.586856773
1196,H2bc21,-0.586856773
1197,H2bc4,-0.586856773
1198,H2bc6,-0.586856773
1199,H2bc7,-0.586856773
1200,H2bc8,-0.586856773
1201,H4c1,-0.586856773
1202,H4c11,-0.586856773
1203,H4c12,-0.586856773
1204,H4c14,-0.586856773
1205,H4c17,-0.586856773
1206,H4c18,-0.586856773
1207,H4c2,-0.586856773
1208,H4c3,-0.586856773
1209,H4c4,-0.586856773
1210,H4c6,-0.586856773
1211,H4c8,-0.586856773
1212,H4c9,-0.586856773
1213,H4f16,-0.586856773
1214,H60a,1.984700389
1215,H60b,-0.586856773
1216,H60c,-0.586856773
1217,HNRNPM,-1.722648136
1218,HSF2BP,4.324240669
1219,Hamp,-0.072545341
1220,Hamp2,-0.586856773
1221,Hand2,-0.84401249
1222,Havcr1,-0.329701057
1223,Havcr2,1.727544673
1224,Hax1,-0.329701057
1225,Hba-a1,-0.84401249
1226,Hba-a2,-0.84401249
1227,Hba-x,-0.84401249
1228,Hbb-b1,-0.84401249
1229,Hbb-b2,-0.586856773
1230,Hc,0.441766092
1231,Hcar2,-0.329701057
1232,Hck,-0.586856773
1233,Hcls1,-0.329701057
1234,Hcst,-0.072545341
1235,Hdac5,-0.84401249
1236,Hdac7,-0.84401249
1237,Hdac9,-0.84401249
1238,Heatr9,-0.84401249
1239,Hectd1,-0.84401249
1240,Hells,-0.84401249
1241,Heph,-0.84401249
1242,Herc6,-0.586856773
1243,Hes1,-0.329701057
1244,Hexim1,0.441766092
1245,Hfe,1.470388957
1246,Hhex,-0.84401249
1247,Hif1a,-0.586856773
1248,Hk1,0.441766092
1249,Hlx,1.470388957
1250,Hmces,3.013323254
1251,Hmgb1,1.984700389
1252,Hmgb2,0.441766092
1253,Hmgb3,-0.329701057
1254,Hmox1,0.956077524
1255,Hnrnpm,"0.080855064, 0.256874486, 0.67086031"
1256,Hoxa3,-0.84401249
1257,Hoxa5,-0.586856773
1258,Hoxa7,-0.586856773
1259,Hoxa9,-0.586856773
1260,Hoxb3,-0.84401249
1261,Hoxb4,-0.84401249
1262,Hoxb6,-0.84401249
1263,Hoxb7,-0.84401249
1264,Hoxb8,-0.586856773
1265,Hp,-0.586856773
1266,Hprt,-0.586856773
1267,Hps1,-0.329701057
1268,Hpx,3.013323254
1269,Hras,0.441766092
1270,Hrg,0.441766092
1271,Hrh1,-0.84401249
1272,Hrnr,-0.84401249
1273,Hs1bp3,-0.84401249
1274,Hsd3b7,-0.84401249
1275,Hsf1,-0.329701057
1276,Hsf2bp,"0.080855064, -0.697965566, -0.056665351"
1277,Hsh2d,-0.84401249
1278,Hsp90aa1,0.441766092
1279,Hspa8,3.527634687
1280,Hspa9,-0.586856773
1281,Hspb1,-0.586856773
1282,Hspd1,3.527634687
1283,Hsph1,-0.329701057
1284,Htra1,-0.072545341
1285,Hyal2,-0.586856773
1286,Icam1,-0.072545341
1287,Icos,-0.329701057
1288,Icosl,0.441766092
1289,Id2,-0.329701057
1290,Ide,-0.84401249
1291,Ido1,0.441766092
1292,Ido2,-0.84401249
1293,Ifi202a,0.441766092
1294,Ifi203,0.441766092
1295,Ifi204,0.441766092
1296,Ifi205,0.441766092
1297,Ifi208,0.441766092
1298,Ifi209,0.441766092
1299,Ifi211,0.441766092
1300,Ifi214,0.441766092
1301,Ifi27l2b,-0.586856773
1302,Ifi30,-0.84401249
1303,Ifi35,0.441766092
1304,Ifi44,-0.586856773
1305,Ifi44l,-0.586856773
1306,Ifih1,-0.586856773
1307,Ifit1,-0.586856773
1308,Ifit1bl1,-0.586856773
1309,Ifit1bl2,-0.586856773
1310,Ifit2,-0.586856773
1311,Ifit3,-0.586856773
1312,Ifit3b,-0.586856773
1313,Ifitm1,-0.586856773
1314,Ifitm2,-0.586856773
1315,Ifitm3,-0.586856773
1316,Ifitm6,-0.586856773
1317,Ifitm7,-0.586856773
1318,Ifna1,-0.072545341
1319,Ifna11,-0.586856773
1320,Ifna12,-0.586856773
1321,Ifna13,-0.586856773
1322,Ifna14,-0.586856773
1323,Ifna15,-0.586856773
1324,Ifna16,-0.586856773
1325,Ifna2,-0.586856773
1326,Ifna4,-0.586856773
1327,Ifna5,-0.586856773
1328,Ifna6,-0.586856773
1329,Ifna7,-0.586856773
1330,Ifna9,-0.586856773
1331,Ifnab,-0.586856773
1332,Ifnar1,-0.586856773
1333,Ifnar2,-0.586856773
1334,Ifnb1,1.470388957
1335,Ifne,-0.586856773
1336,Ifng,3.013323254
1337,Ifngr1,-0.586856773
1338,Ifngr2,-0.586856773
1339,Ifnk,-0.586856773
1340,Ifnl2,0.441766092
1341,Ifnl3,0.441766092
1342,Ifnlr1,-0.072545341
1343,Ifnz,-0.586856773
1344,Igbp1,-0.84401249
1345,Igbp1b,-0.84401249
1346,Igf1,-0.329701057
1347,Igf1r,-0.586856773
1348,Igf2,0.956077524
1349,Igfbp2,-0.329701057
1350,Igh-7,3.013323254
1351,Igh-8,3.013323254
1352,Igh-VJ558,0.441766092
1353,Igha,1.984700389
1354,Ighd,0.441766092
1355,Ighg,0.441766092
1356,Ighg1,3.013323254
1357,Ighg2a,3.013323254
1358,Ighg2b,3.013323254
1359,Ighg2c,1.984700389
1360,Ighg3,1.984700389
1361,Ighm,0.698921808
1362,Ighv1-11,0.441766092
1363,Ighv1-12,0.441766092
1364,Ighv1-15,0.441766092
1365,Ighv1-16,0.441766092
1366,Ighv1-18,0.441766092
1367,Ighv1-19,0.441766092
1368,Ighv1-20,0.441766092
1369,Ighv1-22,0.441766092
1370,Ighv1-23,0.441766092
1371,Ighv1-24,0.441766092
1372,Ighv1-26,0.441766092
1373,Ighv1-31,0.441766092
1374,Ighv1-34,0.441766092
1375,Ighv1-36,0.441766092
1376,Ighv1-37,0.441766092
1377,Ighv1-39,0.441766092
1378,Ighv1-4,0.441766092
1379,Ighv1-42,0.441766092
1380,Ighv1-43,0.441766092
1381,Ighv1-47,0.441766092
1382,Ighv1-49,0.441766092
1383,Ighv1-5,0.441766092
1384,Ighv1-50,0.441766092
1385,Ighv1-52,0.441766092
1386,Ighv1-53,0.441766092
1387,Ighv1-54,0.441766092
1388,Ighv1-55,0.441766092
1389,Ighv1-56,0.441766092
1390,Ighv1-58,0.441766092
1391,Ighv1-59,0.441766092
1392,Ighv1-61,0.441766092
1393,Ighv1-62-2,0.441766092
1394,Ighv1-62-3,0.441766092
1395,Ighv1-63,0.441766092
1396,Ighv1-64,0.441766092
1397,Ighv1-66,0.441766092
1398,Ighv1-67,0.441766092
1399,Ighv1-69,0.441766092
1400,Ighv1-7,0.441766092
1401,Ighv1-72,0.441766092
1402,Ighv1-74,0.441766092
1403,Ighv1-75,0.441766092
1404,Ighv1-76,0.441766092
1405,Ighv1-77,0.441766092
1406,Ighv1-78,0.441766092
1407,Ighv1-80,0.441766092
1408,Ighv1-81,0.441766092
1409,Ighv1-82,0.441766092
1410,Ighv1-85,0.441766092
1411,Ighv1-9,0.441766092
1412,Ighv10-1,0.441766092
1413,Ighv10-3,0.441766092
1414,Ighv11-1,0.441766092
1415,Ighv11-2,0.441766092
1416,Ighv12-3,0.441766092
1417,Ighv13-2,0.441766092
1418,Ighv14-1,0.441766092
1419,Ighv14-2,0.441766092
1420,Ighv14-3,0.441766092
1421,Ighv14-4,0.441766092
1422,Ighv15-2,0.441766092
1423,Ighv16-1,0.441766092
1424,Ighv2-2,0.441766092
1425,Ighv2-3,0.441766092
1426,Ighv2-5,0.441766092
1427,Ighv2-6,0.441766092
1428,Ighv2-6-8,0.441766092
1429,Ighv2-7,0.441766092
1430,Ighv2-9,0.441766092
1431,Ighv2-9-1,0.441766092
1432,Ighv3-1,0.441766092
1433,Ighv3-3,0.441766092
1434,Ighv3-4,0.441766092
1435,Ighv3-6,0.441766092
1436,Ighv3-8,0.441766092
1437,Ighv4-1,0.441766092
1438,Ighv5-12,0.441766092
1439,Ighv5-12-4,0.441766092
1440,Ighv5-15,0.441766092
1441,Ighv5-16,0.441766092
1442,Ighv5-17,0.441766092
1443,Ighv5-2,0.441766092
1444,Ighv5-4,0.441766092
1445,Ighv5-6,0.441766092
1446,Ighv5-9,0.441766092
1447,Ighv5-9-1,0.441766092
1448,Ighv6-3,0.441766092
1449,Ighv6-4,0.441766092
1450,Ighv6-5,0.441766092
1451,Ighv6-6,0.441766092
1452,Ighv6-7,0.441766092
1453,Ighv7-1,0.441766092
1454,Ighv7-2,0.441766092
1455,Ighv7-3,0.441766092
1456,Ighv7-4,0.441766092
1457,Ighv8-11,0.441766092
1458,Ighv8-12,0.441766092
1459,Ighv8-13,0.441766092
1460,Ighv8-2,0.441766092
1461,Ighv8-4,0.441766092
1462,Ighv8-5,0.441766092
1463,Ighv8-6,0.441766092
1464,Ighv8-8,0.441766092
1465,Ighv8-9,0.441766092
1466,Ighv9-1,0.441766092
1467,Ighv9-2,0.441766092
1468,Ighv9-3,0.441766092
1469,Ighv9-4,0.441766092
1470,Igk-V19-17,-0.586856773
1471,Igkc,0.441766092
1472,Igkv1-110,-0.586856773
1473,Igkv1-117,-0.586856773
1474,Igkv1-122,-0.586856773
1475,Igkv1-131,-0.586856773
1476,Igkv1-132,-0.586856773
1477,Igkv1-133,-0.586856773
1478,Igkv1-135,-0.586856773
1479,Igkv1-35,-0.586856773
1480,Igkv1-88,-0.586856773
1481,Igkv1-99,-0.586856773
1482,Igkv10-94,-0.586856773
1483,Igkv10-95,-0.586856773
1484,Igkv10-96,-0.586856773
1485,Igkv12-38,-0.586856773
1486,Igkv12-41,-0.586856773
1487,Igkv12-44,-0.586856773
1488,Igkv12-46,-0.586856773
1489,Igkv12-89,-0.586856773
1490,Igkv12-98,-0.586856773
1491,Igkv13-84,-0.586856773
1492,Igkv13-85,-0.586856773
1493,Igkv14-100,-0.586856773
1494,Igkv14-111,-0.586856773
1495,Igkv14-126,-0.586856773
1496,Igkv14-130,-0.586856773
1497,Igkv15-103,-0.586856773
1498,Igkv16-104,-0.586856773
1499,Igkv17-121,-0.586856773
1500,Igkv17-127,-0.586856773
1501,Igkv18-36,-0.586856773
1502,Igkv19-93,-0.586856773
1503,Igkv2-109,-0.586856773
1504,Igkv2-112,-0.586856773
1505,Igkv2-137,-0.586856773
1506,Igkv20-101-2,-0.586856773
1507,Igkv3-1,-0.586856773
1508,Igkv3-10,-0.586856773
1509,Igkv3-12,-0.586856773
1510,Igkv3-2,-0.586856773
1511,Igkv3-3,-0.586856773
1512,Igkv3-4,-0.586856773
1513,Igkv3-5,-0.586856773
1514,Igkv3-7,-0.586856773
1515,Igkv3-9,-0.586856773
1516,Igkv4-50,-0.586856773
1517,Igkv4-51,-0.586856773
1518,Igkv4-53,-0.586856773
1519,Igkv4-54,-0.586856773
1520,Igkv4-55,-0.586856773
1521,Igkv4-57,-0.586856773
1522,Igkv4-57-1,-0.586856773
1523,Igkv4-58,-0.586856773
1524,Igkv4-59,-0.586856773
1525,Igkv4-61,-0.586856773
1526,Igkv4-62,-0.586856773
1527,Igkv4-63,-0.586856773
1528,Igkv4-68,-0.586856773
1529,Igkv4-69,-0.586856773
1530,Igkv4-70,-0.586856773
1531,Igkv4-71,-0.586856773
1532,Igkv4-72,-0.586856773
1533,Igkv4-74,-0.586856773
1534,Igkv4-78,-0.586856773
1535,Igkv4-79,-0.586856773
1536,Igkv4-80,-0.586856773
1537,Igkv4-81,-0.586856773
1538,Igkv4-86,-0.586856773
1539,Igkv4-90,-0.586856773
1540,Igkv4-91,-0.586856773
1541,Igkv4-92,-0.586856773
1542,Igkv5-37,-0.586856773
1543,Igkv5-39,-0.586856773
1544,Igkv5-43,-0.586856773
1545,Igkv5-45,-0.586856773
1546,Igkv5-48,-0.586856773
1547,Igkv6-13,-0.586856773
1548,Igkv6-14,-0.586856773
1549,Igkv6-15,-0.586856773
1550,Igkv6-20,-0.586856773
1551,Igkv6-23,-0.586856773
1552,Igkv6-25,-0.586856773
1553,Igkv6-29,-0.586856773
1554,Igkv6-32,-0.586856773
1555,Igkv7-33,-0.586856773
1556,Igkv8-16,-0.586856773
1557,Igkv8-18,-0.586856773
1558,Igkv8-19,-0.586856773
1559,Igkv8-21,-0.586856773
1560,Igkv8-24,-0.586856773
1561,Igkv8-26,-0.586856773
1562,Igkv8-27,-0.586856773
1563,Igkv8-28,-0.586856773
1564,Igkv8-30,-0.586856773
1565,Igkv8-34,-0.586856773
1566,Igkv9-123,-0.586856773
1567,Igkv9-124,-0.586856773
1568,Igkv9-129,-0.586856773
1569,Iglc1,0.441766092
1570,Iglc2,0.441766092
1571,Iglc3,0.441766092
1572,Iglc4,0.441766092
1573,Igll1,0.441766092
1574,Iglv1,-0.586856773
1575,Iglv2,-0.586856773
1576,Iglv3,-0.586856773
1577,Ihh,-0.329701057
1578,Iigp1,-0.586856773
1579,Ikbkb,-0.84401249
1580,Ikbke,0.441766092
1581,Ikbkg,0.441766092
1582,Ikzf1,-0.329701057
1583,Ikzf3,-0.586856773
1584,Il10,0.956077524
1585,Il10rb,-0.586856773
1586,Il11ra1,-0.84401249
1587,Il12a,3.527634687
1588,Il12b,3.527634687
1589,Il12rb1,1.470388957
1590,Il13,1.213233241
1591,Il13ra2,0.956077524
1592,Il15,0.441766092
1593,Il15ra,-0.329701057
1594,Il16,-0.329701057
1595,Il17a,0.956077524
1596,Il17b,-0.84401249
1597,Il17c,-0.84401249
1598,Il17d,-0.586856773
1599,Il17f,0.956077524
1600,Il17ra,-0.586856773
1601,Il17rc,-0.586856773
1602,Il18,3.527634687
1603,Il18bp,-0.586856773
1604,Il18r1,3.527634687
1605,Il18rap,1.984700389
1606,Il1a,-0.072545341
1607,Il1b,3.527634687
1608,Il1f10,-0.586856773
1609,Il1r1,3.527634687
1610,Il1rap,-0.586856773
1611,Il1rl1,0.698921808
1612,Il1rl2,-0.072545341
1613,Il1rn,-0.586856773
1614,Il2,3.013323254
1615,Il20,-0.329701057
1616,Il20rb,1.470388957
1617,Il21,1.984700389
1618,Il22ra1,-0.586856773
1619,Il23a,3.527634687
1620,Il23r,1.470388957
1621,Il25,-0.586856773
1622,Il27,0.698921808
1623,Il27ra,2.241856106
1624,Il2ra,-0.072545341
1625,Il2rb,-0.84401249
1626,Il2rg,-0.329701057
1627,Il3,-0.072545341
1628,Il31,-0.84401249
1629,Il31ra,-0.586856773
1630,Il33,1.470388957
1631,Il34,-0.072545341
1632,Il36a,-0.586856773
1633,Il36b,-0.072545341
1634,Il36g,-0.586856773
1635,Il36rn,-0.586856773
1636,Il3ra,-0.84401249
1637,Il4,3.527634687
1638,Il4i1,1.727544673
1639,Il4ra,1.727544673
1640,Il5,0.441766092
1641,Il5ra,-0.586856773
1642,Il6,3.527634687
1643,Il6ra,-0.586856773
1644,Il6st,-0.329701057
1645,Il7,-0.072545341
1646,Il7r,1.727544673
1647,Il9,-0.586856773
1648,Ilf3,-0.586856773
1649,Ilrun,-0.072545341
1650,Impdh1,-0.84401249
1651,Impdh2,-0.84401249
1652,Inava,0.441766092
1653,Inhba,-0.586856773
1654,Inpp4b,-0.586856773
1655,Inpp5d,0.184610375
1656,Inppl1,-0.84401249
1657,Ins2,0.184610375
1658,Ipo7,-0.586856773
1659,Irak1,-0.586856773
1660,Irak1bp1,-0.586856773
1661,Irak3,0.441766092
1662,Irak4,-0.586856773
1663,Ireb2,-0.84401249
1664,Irf1,1.470388957
1665,Irf2,-0.586856773
1666,Irf2bp2,-0.84401249
1667,Irf3,0.441766092
1668,Irf4,-0.586856773
1669,Irf5,-0.586856773
1670,Irf6,-0.84401249
1671,Irf7,0.698921808
1672,Irf8,-0.586856773
1673,Irf9,-0.84401249
1674,Irgm1,0.441766092
1675,Irgm2,0.441766092
1676,Irs2,-0.329701057
1677,Isg15,-0.072545341
1678,Isg20,-0.586856773
1679,Itch,0.184610375
1680,Itfg2,-0.586856773
1681,Itga1,-0.84401249
1682,Itga2,-0.329701057
1683,Itga2b,-0.329701057
1684,Itga4,-0.329701057
1685,Itga6,-0.84401249
1686,Itga9,-0.84401249
1687,Itgad,-0.84401249
1688,Itgal,-0.072545341
1689,Itgam,1.470388957
1690,Itgav,-0.84401249
1691,Itgax,-0.586856773
1692,Itgb1,-0.84401249
1693,Itgb2,1.470388957
1694,Itgb3,-0.329701057
1695,Itgb6,-0.586856773
1696,Itgb7,-0.84401249
1697,Itgb8,-0.586856773
1698,Itk,0.441766092
1699,Itlnb,-0.586856773
1700,Itm2a,-0.586856773
1701,Itpkb,-0.329701057
1702,Jag1,-0.329701057
1703,Jag2,-0.84401249
1704,Jagn1,-0.586856773
1705,Jak2,-0.586856773
1706,Jak3,1.213233241
1707,Jam2,-0.329701057
1708,Jam3,-0.072545341
1709,Jaml,-0.84401249
1710,Jarid2,-0.84401249
1711,Jchain,-0.586856773
1712,Jmjd6,-0.84401249
1713,Jun,-0.329701057
1714,Junb,-0.84401249
1715,Jund,-0.329701057
1716,Kars,0.441766092
1717,Kat2a,-0.586856773
1718,Kat6a,-0.84401249
1719,Kat7,-0.586856773
1720,Kat8,-0.84401249
1721,Kcnab2,-0.84401249
1722,Kcnh1,3.527634687
1723,Kcnh2,3.527634687
1724,Kcnh3,3.527634687
1725,Kcnj8,-0.586856773
1726,Kcnn4,0.441766092
1727,Kcp,-0.84401249
1728,Kdelr1,-0.586856773
1729,Kdm1a,-0.586856773
1730,Kdm5d,-0.586856773
1731,Kdr,-0.84401249
1732,Khdrbs1,0.441766092
1733,Kif16b,-0.586856773
1734,Kif5b,-0.586856773
1735,Kirrel3,-0.84401249
1736,Kit,1.213233241
1737,Kitl,-0.329701057
1738,Klf1,-0.84401249
1739,Klf10,-0.329701057
1740,Klf13,-0.586856773
1741,Klf2,-0.84401249
1742,Klf4,-0.84401249
1743,Klhl6,0.441766092
1744,Klk5,0.956077524
1745,Klk7,0.956077524
1746,Klrb1b,0.698921808
1747,Klrb1c,1.984700389
1748,Klrc1,1.470388957
1749,Klrd1,2.756167538
1750,Klre1,1.984700389
1751,Klrg1,-0.586856773
1752,Klrh1,-0.329701057
1753,Klrk1,1.984700389
1754,Kmt2a,-0.84401249
1755,Kmt2e,-0.84401249
1756,Kmt5b,3.013323254
1757,Kmt5c,3.013323254
1758,Krt1,0.441766092
1759,Krt16,-0.586856773
1760,Krt6a,-0.586856773
1761,Krt75,-0.84401249
1762,Krtap5-5,-0.84401249
1763,Kynu,-0.586856773
1764,L3mbtl1,-0.586856773
1765,L3mbtl3,-0.84401249
1766,Lacc1,0.441766092
1767,Lag3,1.984700389
1768,Lamp1,1.984700389
1769,Lamp3,-0.586856773
1770,Laptm5,0.956077524
1771,Lat,-0.329701057
1772,Lat2,0.441766092
1773,Lax1,0.441766092
1774,Lbp,0.956077524
1775,Lbr,-0.84401249
1776,Lck,0.441766092
1777,Lcn2,-0.586856773
1778,Lcp1,-0.586856773
1779,Lcp2,0.441766092
1780,Ldb1,-0.586856773
1781,Ldlr,-0.586856773
1782,Leap2,-0.586856773
1783,Lef1,-0.072545341
1784,Leo1,-0.586856773
1785,Lep,0.956077524
1786,Lepr,-0.84401249
1787,Lfng,-0.586856773
1788,Lgals1,-0.072545341
1789,Lgals3,0.698921808
1790,Lgals7,-0.586856773
1791,Lgals8,-0.072545341
1792,Lgals9,1.213233241
1793,Lgmn,-0.329701057
1794,Lgr4,-0.586856773
1795,Lif,-0.072545341
1796,Lig4,-0.586856773
1797,Lilrb4a,0.698921808
1798,Lime1,0.441766092
1799,Lmbr1l,-0.84401249
1800,Lmo1,-0.586856773
1801,Lmo2,-0.586856773
1802,Lmo4,-0.84401249
1803,Lox,-0.586856773
1804,Loxl3,0.698921808
1805,Lpin1,-0.586856773
1806,Lpo,-0.586856773
1807,Lpxn,0.441766092
1808,Lrch1,-0.586856773
1809,Lrfn5,-0.586856773
1810,Lrmp,-0.84401249
1811,Lrp1,-0.586856773
1812,Lrp5,-0.84401249
1813,Lrp8,-0.072545341
1814,Lrrc17,-0.586856773
1815,Lrrc32,-0.586856773
1816,Lrrk1,-0.84401249
1817,Lrrk2,-0.329701057
1818,Lsm14a,0.441766092
1819,Lst1,-0.586856773
1820,Lta,3.013323254
1821,Ltb,-0.586856773
1822,Ltbr,-0.586856773
1823,Ltf,-0.586856773
1824,Ly6d,-0.84401249
1825,Ly86,-0.586856773
1826,Ly9,-0.586856773
1827,Ly96,-0.586856773
1828,Lyar,-0.072545341
1829,Lyg1,-0.586856773
1830,Lyg2,-0.586856773
1831,Lyl1,-0.84401249
1832,Lyn,1.213233241
1833,Lypd10,1.470388957
1834,Lypd11,1.470388957
1835,Lypd8,-0.586856773
1836,Lyst,-0.072545341
1837,Lyz1,-0.586856773
1838,Lyz2,-0.586856773
1839,Lyzl6,-0.586856773
1840,MDGA1,3.125813252
1841,MGI:2685746,0.441766092
1842,MGI:3642338,-0.586856773
1843,MGI:3643263,0.441766092
1844,MGI:3648045,0.441766092
1845,MGI:96461,0.441766092
1846,MGI:96492,0.441766092
1847,MOG,1.322412995
1848,MTCH1,-0.865528368
1849,MYO1F,1.910493956
1850,Mad1l1,-0.586856773
1851,Mad2l2,3.013323254
1852,Madcam1,-0.329701057
1853,Maea,-0.84401249
1854,Mafb,-0.586856773
1855,Malt1,3.527634687
1856,Map2k1,-0.84401249
1857,Map2k2,-0.84401249
1858,Map3k14,-0.586856773
1859,Map3k5,-0.586856773
1860,Map3k8,-0.84401249
1861,Map4k2,-0.586856773
1862,Mapk1,0.441766092
1863,Mapk14,-0.586856773
1864,Mapk3,-0.329701057
1865,Mapk8ip1,-0.586856773
1866,Mapkbp1,-0.072545341
1867,Marchf1,-0.586856773
1868,Marchf7,-0.586856773
1869,Marchf8,-0.586856773
1870,Marco,-0.586856773
1871,Masp1,0.441766092
1872,Masp2,0.441766092
1873,Matr3,0.441766092
1874,Mavs,1.470388957
1875,Mb,-0.84401249
1876,Mbl1,0.441766092
1877,Mbl2,0.441766092
1878,Mcm3ap,-0.84401249
1879,Mcoln1,-0.586856773
1880,Mcoln2,-0.586856773
1881,Mcu,-0.329701057
1882,Mdga1,"0.028240438, 0.130689915, -0.757082224"
1883,Mdk,-0.072545341
1884,Mecom,-0.84401249
1885,Med1,0.441766092
1886,Med23,-0.329701057
1887,Mef2c,0.956077524
1888,Mefv,-0.586856773
1889,Meis1,-0.586856773
1890,Meis2,-0.586856773
1891,Men1,-0.84401249
1892,Mertk,-0.586856773
1893,Mettl3,-0.072545341
1894,Mfap2,-0.84401249
1895,Mfap4,0.441766092
1896,Mfap5,-0.84401249
1897,Mfhas1,-0.329701057
1898,Mfng,-0.586856773
1899,Mfsd6,-0.586856773
1900,Mia3,-0.329701057
1901,Mid2,-0.586856773
1902,Mif,1.470388957
1903,Mill1,-0.586856773
1904,Mill2,0.441766092
1905,Milr1,-0.329701057
1906,Mink1,-0.84401249
1907,Mir122,-0.84401249
1908,Mir122b,-0.84401249
1909,Mir125a,-0.586856773
1910,Mir125b-1,-0.84401249
1911,Mir125b-2,-0.84401249
1912,Mir126a,-0.84401249
1913,Mir130a,-0.84401249
1914,Mir142hg,-0.84401249
1915,Mir143,-0.84401249
1916,Mir145a,-0.84401249
1917,Mir145b,-0.84401249
1918,Mir150,-0.586856773
1919,Mir155,-0.586856773
1920,Mir17,-0.84401249
1921,Mir18,-0.84401249
1922,Mir181b-1,1.213233241
1923,Mir181b-2,1.213233241
1924,Mir181c,-0.84401249
1925,Mir188,-0.84401249
1926,Mir193b,-0.84401249
1927,Mir19a,-0.84401249
1928,Mir19b-1,-0.84401249
1929,Mir20a,-0.84401249
1930,Mir21a,-0.586856773
1931,Mir223,-0.329701057
1932,Mir301,1.727544673
1933,Mir326,1.984700389
1934,Mir34a,-0.84401249
1935,Mir511,-0.586856773
1936,Mir542,-0.84401249
1937,Mir7116,-0.84401249
1938,Mir7667,1.238376832
1939,Mir873a,-0.586856773
1940,Mir92-1,-0.84401249
1941,Mir99a,-0.84401249
1942,Mirlet7e,-0.84401249
1943,Mitf,-0.586856773
1944,Mixl1,-0.84401249
1945,Mknk2,-0.84401249
1946,Mlf1,-0.84401249
1947,Mlh1,3.013323254
1948,Mlkl,-0.586856773
1949,Mllt3,-0.84401249
1950,Mmp12,0.441766092
1951,Mmp14,-0.329701057
1952,Mmp2,0.441766092
1953,Mmp21,-0.84401249
1954,Mmp28,-0.586856773
1955,Mmp7,-0.586856773
1956,Mmp8,-0.329701057
1957,Mmp9,-0.329701057
1958,Mndal,0.441766092
1959,Mog,"0.441766092, -0.445291194, -0.677524393, -0.519542258"
1960,Morc2b,"-0.024374188, -0.560102928, -0.018541748"
1961,Mospd2,-0.329701057
1962,Mov10,-0.586856773
1963,Mpeg1,-0.586856773
1964,Mpig6b,-0.84401249
1965,Mpl,-0.329701057
1966,Mpo,-0.586856773
1967,Mpp1,-0.586856773
1968,Mptx1,0.441766092
1969,Mptx2,0.441766092
1970,Mpzl2,-0.84401249
1971,Mr1,3.527634687
1972,Mrc1,-0.586856773
1973,Mrgprx1,-0.84401249
1974,Mrgprx2,-0.84401249
1975,Ms4a1,0.441766092
1976,Ms4a2,1.213233241
1977,Msh2,3.013323254
1978,Msh3,-0.84401249
1979,Msh6,-0.586856773
1980,Msmp,-0.84401249
1981,Msn,-0.586856773
1982,Msrb1,-0.586856773
1983,Mst1,-0.586856773
1984,Mst1r,-0.586856773
1985,Mstn,-0.329701057
1986,Mtch1,"0.817459825, -0.60727604, 2.824212728"
1987,Mthfd1,-0.84401249
1988,Mtor,-0.329701057
1989,Mturn,-0.586856773
1990,Mtus1,-0.586856773
1991,Muc19,-0.84401249
1992,Muc4,1.470388957
1993,Muc5b,-0.329701057
1994,Mul1,-0.072545341
1995,Myb,0.956077524
1996,Myc,-0.586856773
1997,Myd88,-0.072545341
1998,Myh9,-0.84401249
1999,Myo18a,0.441766092
2000,Myo1c,-0.586856773
2001,Myo1e,-0.84401249
2002,Myo1f,"-0.072545341, 0.607001322, -0.545676123, -0.209520302"
2003,Myo1g,0.441766092
2004,Myo9b,-0.84401249
2005,Mysm1,-0.586856773
2006,Mzb1,0.184610375
2007,N4bp1,-0.072545341
2008,NDUFV3,1.322412995
2009,NOTCH3,-0.954627875
2010,NRM,3.059576156
2011,Naip1,-0.586856773
2012,Naip2,-0.586856773
2013,Naip5,-0.586856773
2014,Naip6,-0.586856773
2015,Naip7,-0.586856773
2016,Nampt,-0.84401249
2017,Nbeal2,-0.84401249
2018,Nbl1,-0.586856773
2019,Nbn,-0.586856773
2020,Ncapg2,-0.84401249
2021,Ncaph2,-0.84401249
2022,Ncbp3,-0.586856773
2023,Ncf1,-0.586856773
2024,Nck1,-0.329701057
2025,Nck2,-0.329701057
2026,Nckap1l,1.984700389
2027,Ncor1,-0.84401249
2028,Ncr1,-0.586856773
2029,Ncstn,-0.84401249
2030,Ndfip1,1.213233241
2031,Ndrg1,-0.84401249
2032,Ndufaf4,-0.586856773
2033,Ndufs4,-0.586856773
2034,Ndufv3,"-0.392676568, -0.113494493, 0.926785648"
2035,Nectin2,3.527634687
2036,Nedd4,-0.586856773
2037,Nepn,-0.329701057
2038,Nf1,-0.586856773
2039,Nfam1,0.441766092
2040,Nfatc1,-0.84401249
2041,Nfatc2,0.441766092
2042,Nfatc3,-0.84401249
2043,Nfe2l1,-0.84401249
2044,Nfil3,-0.586856773
2045,Nfkb1,-0.84401249
2046,Nfkb2,-0.586856773
2047,Nfkbia,-0.586856773
2048,Nfkbid,1.984700389
2049,Nfkbiz,1.984700389
2050,Nhej1,-0.84401249
2051,Ninj1,-0.329701057
2052,Nipal3,-0.84401249
2053,Nkap,-0.329701057
2054,Nkx2-3,-0.586856773
2055,Nkx2-5,-0.84401249
2056,Nkx3-2,-0.84401249
2057,Nlrc3,-0.072545341
2058,Nlrc4,0.441766092
2059,Nlrc5,0.441766092
2060,Nlrp10,1.470388957
2061,Nlrp12,-0.84401249
2062,Nlrp1a,-0.586856773
2063,Nlrp1b,-0.586856773
2064,Nlrp3,3.527634687
2065,Nlrp6,-0.072545341
2066,Nlrp9a,-0.586856773
2067,Nlrp9b,-0.586856773
2068,Nlrp9c,-0.586856773
2069,Nlrx1,-0.072545341
2070,Nme1,-0.586856773
2071,Nme2,-0.586856773
2072,Nmi,0.441766092
2073,Nod1,-0.072545341
2074,Nod2,3.270478971
2075,Nono,0.441766092
2076,Nos2,-0.586856773
2077,Notch1,-0.586856773
2078,Notch2,-0.072545341
2079,Notch3,"-0.024374188, -0.500807877, -0.62063613"
2080,Nploc4,-0.072545341
2081,Nppa,1.213233241
2082,Nppc,1.213233241
2083,Npy,-0.586856773
2084,Npy5r,-0.072545341
2085,Nr1d1,-0.586856773
2086,Nr1h3,-0.586856773
2087,Nr1h4,-0.586856773
2088,Nr4a3,0.956077524
2089,Nrarp,-0.586856773
2090,Nras,0.441766092
2091,Nrm,"-0.445291194, -0.796115464, -0.812744585"
2092,Nrros,-0.586856773
2093,Nsd2,3.013323254
2094,Nt5c3,-0.586856773
2095,Ntrk1,-0.84401249
2096,Nts,-0.586856773
2097,Nuggc,-0.84401249
2098,Nup85,-0.84401249
2099,Oas1a,-0.586856773
2100,Oas1b,-0.586856773
2101,Oas1c,-0.586856773
2102,Oas1d,-0.586856773
2103,Oas1e,-0.586856773
2104,Oas1f,-0.586856773
2105,Oas1g,-0.586856773
2106,Oas1h,-0.586856773
2107,Oas2,-0.586856773
2108,Oas3,-0.072545341
2109,Oasl1,-0.586856773
2110,Oasl2,-0.586856773
2111,Ocstamp,-0.329701057
2112,Olfm4,-0.072545341
2113,Olfr239,"-0.129603439, -0.424423672, -0.796118333"
2114,Olfr55,-0.076988813
2115,Olfr63,"0.291313567, 0.198517099, -0.582194662"
2116,Olfr90,"-0.287447317, -0.388439971, -0.210321546"
2117,Olfr91,"-0.340061942, -0.199414489, -0.586778755"
2118,Olfr92,"-0.287447317, -0.209666409, -0.889794196"
2119,Olr1,-0.84401249
2120,Onecut1,-0.84401249
2121,Oprk1,-0.586856773
2122,Optn,-0.586856773
2123,Orai1,-0.586856773
2124,Orm1,-0.586856773
2125,Orm2,-0.586856773
2126,Oscar,-0.072545341
2127,Osm,-0.586856773
2128,Ostm1,-0.84401249
2129,Otop1,-0.072545341
2130,Otub1,-0.586856773
2131,Otud4,-0.586856773
2132,Otud5,0.441766092
2133,Otud7b,-0.586856773
2134,Otulin,-0.586856773
2135,Oxsr1,-0.329701057
2136,P01629,-0.586856773
2137,P01630,-0.586856773
2138,P01631,-0.586856773
2139,P01634,-0.586856773
2140,P01635,-0.586856773
2141,P01636,-0.586856773
2142,P01637,-0.586856773
2143,P01638,-0.586856773
2144,P01641,-0.586856773
2145,P01643,-0.586856773
2146,P01644,-0.586856773
2147,P01645,-0.586856773
2148,P01646,-0.586856773
2149,P01647,-0.586856773
2150,P01648,-0.586856773
2151,P01649,-0.586856773
2152,P01652,-0.586856773
2153,P01653,-0.586856773
2154,P01654,-0.586856773
2155,P01655,-0.586856773
2156,P01656,-0.586856773
2157,P01657,-0.586856773
2158,P01658,-0.586856773
2159,P01659,-0.586856773
2160,P01660,-0.586856773
2161,P01661,-0.586856773
2162,P01662,-0.586856773
2163,P01663,-0.586856773
2164,P01664,-0.586856773
2165,P01665,-0.586856773
2166,P01666,-0.586856773
2167,P01667,-0.586856773
2168,P01668,-0.586856773
2169,P01669,-0.586856773
2170,P01670,-0.586856773
2171,P01671,-0.586856773
2172,P01672,-0.586856773
2173,P01673,-0.586856773
2174,P01674,-0.586856773
2175,P01675,-0.586856773
2176,P01676,-0.586856773
2177,P01677,-0.586856773
2178,P01678,-0.586856773
2179,P01679,-0.586856773
2180,P01680,-0.586856773
2181,P01723,-0.586856773
2182,P01724,-0.586856773
2183,P01725,-0.586856773
2184,P01726,-0.586856773
2185,P01727,-0.586856773
2186,P01728,-0.586856773
2187,P01729,-0.586856773
2188,P01741,0.441766092
2189,P01745,0.441766092
2190,P01746,0.441766092
2191,P01747,0.441766092
2192,P01748,0.441766092
2193,P01750,0.441766092
2194,P01753,0.441766092
2195,P01756,0.441766092
2196,P01757,0.441766092
2197,P01759,0.441766092
2198,P01786,0.441766092
2199,P01787,0.441766092
2200,P01788,0.441766092
2201,P01789,0.441766092
2202,P01790,0.441766092
2203,P01791,0.441766092
2204,P01792,0.441766092
2205,P01793,0.441766092
2206,P01794,0.441766092
2207,P01795,0.441766092
2208,P01796,0.441766092
2209,P01797,0.441766092
2210,P01798,0.441766092
2211,P01799,0.441766092
2212,P01800,0.441766092
2213,P01801,0.441766092
2214,P01802,0.441766092
2215,P01803,0.441766092
2216,P01804,0.441766092
2217,P01807,0.441766092
2218,P01809,0.441766092
2219,P01810,0.441766092
2220,P01811,0.441766092
2221,P01812,0.441766092
2222,P01819,0.441766092
2223,P01820,0.441766092
2224,P01822,0.441766092
2225,P01823,0.441766092
2226,P01843,0.441766092
2227,P01851,0.441766092
2228,P01852,0.441766092
2229,P01896,3.527634687
2230,P03976,-0.586856773
2231,P03977,-0.586856773
2232,P03980,0.441766092
2233,P04940,-0.586856773
2234,P04941,-0.586856773
2235,P04943,-0.586856773
2236,P04944,-0.586856773
2237,P04946,-0.586856773
2238,P06329,0.441766092
2239,P06330,0.441766092
2240,P18524,0.441766092
2241,P18525,0.441766092
2242,P18526,0.441766092
2243,P18527,0.441766092
2244,P18528,0.441766092
2245,P18529,0.441766092
2246,P18530,0.441766092
2247,P18532,0.441766092
2248,P2rx4,-0.329701057
2249,P2rx7,3.527634687
2250,P2ry12,-0.329701057
2251,P2ry14,-0.586856773
2252,P4htm,-0.586856773
2253,P84750,-0.586856773
2254,PDE9A,3.059576156
2255,PI16,1.322412995
2256,PIM1,-1.774684217
2257,PKNOX1,0.932326633
2258,PPIL1,-0.414750165
2259,PPP1R18,0.014515025
2260,PRAM1,-0.732381707
2261,PSORS1C2,5.427404254
2262,Pabpc4,-0.84401249
2263,Padi2,-0.586856773
2264,Padi4,-0.586856773
2265,Paf1,-0.586856773
2266,Pafah1b1,-0.84401249
2267,Pag1,-0.329701057
2268,Pagr1a,3.013323254
2269,Park7,0.441766092
2270,Parp14,-0.072545341
2271,Parp3,1.213233241
2272,Parp9,0.441766092
2273,Patz1,-0.84401249
2274,Pawr,0.441766092
2275,Pax1,-0.84401249
2276,Paxip1,3.013323254
2277,Pbx1,-0.84401249
2278,Pcbp2,-0.072545341
2279,Pcid2,-0.329701057
2280,Pck1,0.956077524
2281,Pdcd1,-0.072545341
2282,Pdcd1lg2,-0.072545341
2283,Pde12,-0.586856773
2284,Pde4b,0.441766092
2285,Pde4d,-0.84401249
2286,Pde5a,-0.586856773
2287,Pde9a,"2.816815606, -0.626022451, -0.810031839"
2288,Pdgfb,-0.84401249
2289,Pdgfd,-0.329701057
2290,Pdgfra,-0.84401249
2291,Pdpk1,0.956077524
2292,Pdpn,-0.84401249
2293,Pdxk-ps,"1.869752341, -0.261055548, -0.441668019"
2294,Pecam1,-0.329701057
2295,Peli1,-0.329701057
2296,Peli3,-0.586856773
2297,Pelo,3.527634687
2298,Pf4,-0.072545341
2299,Pfdn1,-0.84401249
2300,Pfpl,-0.586856773
2301,Pgc,0.956077524
2302,Pgf,-0.329701057
2303,Pglyrp1,0.184610375
2304,Pglyrp2,"0.184610375, -0.234832691"
2305,Pglyrp3,0.184610375
2306,Pglyrp4,0.184610375
2307,Pgm3,-0.84401249
2308,Phb,0.956077524
2309,Phb2,0.441766092
2310,Phf11a,-0.072545341
2311,Phlpp1,-0.586856773
2312,Phpt1,0.441766092
2313,Pi16,"0.50177207, -0.415922304, 1.262381711"
2314,Pi4k2a,-0.586856773
2315,Pianp,-0.072545341
2316,Pias3,-0.586856773
2317,Pibf1,-0.586856773
2318,Picalm,-0.84401249
2319,Pigr,-0.072545341
2320,Pik3cb,-0.329701057
2321,Pik3cd,-0.072545341
2322,Pik3cg,-0.84401249
2323,Pik3r1,-0.586856773
2324,Pik3r6,0.956077524
2325,Pikfyve,-0.84401249
2326,Pilrb1,-0.586856773
2327,Pim1,"0.028240438, 0.800315697, 1.824245066"
2328,Pip,-0.586856773
2329,Pip4k2a,-0.84401249
2330,Pir,-0.84401249
2331,Pirb,-0.586856773
2332,Pithd1,-0.586856773
2333,Pitx2,-0.84401249
2334,Pja2,-0.329701057
2335,Pkn1,0.698921808
2336,Pknox1,"-0.84401249, -0.392676568, -0.196978494, 1.623069013"
2337,Pla2g10,-0.329701057
2338,Pla2g1b,-0.586856773
2339,Pla2g2d,-0.072545341
2340,Pla2g2f,-0.329701057
2341,Pla2g3,1.213233241
2342,Pla2g4a,1.470388957
2343,Pla2g5,0.956077524
2344,Pla2g6,-0.586856773
2345,Pla2g7,-0.329701057
2346,Plac8,-0.586856773
2347,Plcb1,-0.586856773
2348,Plcg1,0.441766092
2349,Plcg2,0.441766092
2350,Plcl2,0.441766092
2351,Pld1,-0.586856773
2352,Pld2,1.213233241
2353,Pld3,-0.586856773
2354,Pld4,-0.586856773
2355,Plec,-0.586856773
2356,Plekha1,0.441766092
2357,Plekhm2,-0.586856773
2358,Plg,-0.84401249
2359,Plscr1,0.441766092
2360,Plvap,-0.329701057
2361,Pmaip1,-0.84401249
2362,Pml,-0.072545341
2363,Pmp22,-0.586856773
2364,Pms2,3.013323254
2365,Pnma1,-0.586856773
2366,Pnp,3.527634687
2367,Podxl,-0.84401249
2368,Podxl2,-0.84401249
2369,Polb,-0.84401249
2370,Polm,-0.84401249
2371,Polq,-0.84401249
2372,Polr3a,-0.586856773
2373,Polr3b,0.441766092
2374,Polr3c,0.441766092
2375,Polr3d,0.441766092
2376,Polr3e,-0.586856773
2377,Polr3f,0.441766092
2378,Polr3g,0.441766092
2379,Polr3h,-0.586856773
2380,Polr3k,-0.586856773
2381,Pomc,1.470388957
2382,Pou1f1,-0.84401249
2383,Pou2af1,-0.586856773
2384,Pou2f2,-0.586856773
2385,Pou4f1,-0.329701057
2386,Pou4f2,-0.329701057
2387,Pparg,-0.072545341
2388,Ppargc1b,-0.329701057
2389,Ppbp,-0.586856773
2390,Ppia,-0.84401249
2391,Ppib,-0.84401249
2392,Ppil1,"4.079566625, 0.873802787, 1.549245585"
2393,Ppm1b,-0.072545341
2394,Ppp1r11,-0.586856773
2395,Ppp1r14b,-0.586856773
2396,Ppp1r14bl,-0.586856773
2397,Ppp1r18,-0.392676568
2398,Ppp2r3c,0.184610375
2399,Ppp3cb,1.470388957
2400,Ppp4r2,-0.84401249
2401,Ppp6c,-0.586856773
2402,Pqbp1,0.441766092
2403,Pram1,"0.956077524, 1.343606083, 0.727833669, 1.576298014"
2404,Prdm1,-0.072545341
2405,Prdm16,-0.586856773
2406,Prdx1,-0.586856773
2407,Prdx2,-0.586856773
2408,Prdx3,-0.84401249
2409,Prelid1,-0.586856773
2410,Prex1,-0.84401249
2411,Prf1,-0.586856773
2412,Prg2,-0.586856773
2413,Prg3,-0.586856773
2414,Prg4,-0.586856773
2415,Prkar1a,-0.586856773
2416,Prkca,-0.329701057
2417,Prkcb,0.441766092
2418,Prkcd,-0.586856773
2419,Prkce,-0.586856773
2420,Prkch,0.441766092
2421,Prkcq,1.470388957
2422,Prkcz,3.527634687
2423,Prkd1,-0.586856773
2424,Prkd2,0.441766092
2425,Prkdc,0.698921808
2426,Prkx,-0.84401249
2427,Prmt1,-0.586856773
2428,Prnp,0.441766092
2429,Prr7,-0.586856773
2430,Prrc2c,-0.84401249
2431,Prss56,-0.329701057
2432,Prtn3,-0.84401249
2433,Prxl2a,-0.586856773
2434,Psap,-0.84401249
2435,Psen1,0.441766092
2436,Psen2,0.441766092
2437,Psg17,-0.586856773
2438,Psma1,-0.072545341
2439,Psmb10,-0.84401249
2440,Psmb11,-0.84401249
2441,Psmb4,-0.072545341
2442,Psmb8,-0.84401249
2443,Psmb9,-0.84401249
2444,Psme1,-0.84401249
2445,Psme2,-0.84401249
2446,Psors1c2,"-0.445291194, 0.285594076, 0.046356591"
2447,Pspc1,0.441766092
2448,Pstpip1,-0.586856773
2449,Ptafr,1.470388957
2450,Ptbp3,-0.84401249
2451,Ptgdr,-0.586856773
2452,Ptgds,-0.586856773
2453,Ptger3,-0.329701057
2454,Ptger4,-0.072545341
2455,Ptk2,-0.072545341
2456,Ptk2b,-0.072545341
2457,Ptk6,-0.586856773
2458,Ptms,-0.84401249
2459,Ptn,-0.329701057
2460,Ptpn11,-0.84401249
2461,Ptpn2,0.441766092
2462,Ptpn22,0.956077524
2463,Ptpn6,1.727544673
2464,Ptprc,3.527634687
2465,Ptprd,-0.072545341
2466,Ptpre,-0.586856773
2467,Ptprj,0.956077524
2468,Ptpro,-0.84401249
2469,Ptprq,-0.84401249
2470,Ptprz1,-0.84401249
2471,Ptx3,-0.586856773
2472,Pura,-0.84401249
2473,Pvrig,0.441766092
2474,Pxt1,"-0.445291194, -0.534914972, 0.699277224"
2475,Pycard,0.956077524
2476,Pygo1,-0.84401249
2477,RASAL3,3.059576156
2478,RNF39,0.857005407
2479,RNF8,0.014515025
2480,RP23-106N22.5,-0.340061942
2481,RP23-364A24.1,0.238698941
2482,RP23-98F21.12,-0.182218065
2483,RRP1B,-1.270244116
2484,RSPH1,3.237709583
2485,Rab10,-0.84401249
2486,Rab11fip5,-0.586856773
2487,Rab12,-0.586856773
2488,Rab14,-0.586856773
2489,Rab17,-0.586856773
2490,Rab1a,-0.586856773
2491,Rab20,-0.586856773
2492,Rab27a,-0.586856773
2493,Rab29,0.441766092
2494,Rab32,-0.84401249
2495,Rab33a,-0.84401249
2496,Rab34,0.441766092
2497,Rab35,-0.84401249
2498,Rab3b,-0.84401249
2499,Rab3c,-0.84401249
2500,Rab43,-0.586856773
2501,Rab44,"-0.445291194, -0.181225522, 2.734408573"
2502,Rab4a,-0.84401249
2503,Rab5b,-0.84401249
2504,Rab6a,-0.84401249
2505,Rab7b,-0.329701057
2506,Rab8b,-0.84401249
2507,Rabgap1l,-0.84401249
2508,Rabgef1,1.213233241
2509,Rabl3,-0.84401249
2510,Rac1,-0.329701057
2511,Rac2,0.956077524
2512,Raet1a,-0.586856773
2513,Raet1b,1.984700389
2514,Raet1c,-0.586856773
2515,Raet1d,-0.586856773
2516,Raet1e,-0.586856773
2517,Raf1,-0.84401249
2518,Rag1,-0.072545341
2519,Rag2,-0.586856773
2520,Rap1a,0.956077524
2521,Rapgef1,0.956077524
2522,Rara,0.956077524
2523,Rarg,-0.586856773
2524,Rarres2,-0.072545341
2525,Rasal3,"-0.329701057, -0.234832691, -0.259774887, -0.826104572"
2526,Rasgrp1,1.984700389
2527,Rassf2,-0.586856773
2528,Rb1,-0.329701057
2529,Rbck1,0.441766092
2530,Rbfox2,-0.586856773
2531,Rbm14,0.441766092
2532,Rbm15,-0.586856773
2533,Rbm47,-0.84401249
2534,Rbmy,-0.84401249
2535,Rbp1,-0.586856773
2536,Rbp4,0.184610375
2537,Rbpj,-0.586856773
2538,Rc3h1,1.213233241
2539,Rc3h2,1.213233241
2540,Rcor1,-0.586856773
2541,Reg1,-0.586856773
2542,Reg2,-0.586856773
2543,Reg3a,-0.586856773
2544,Reg3b,-0.586856773
2545,Reg3d,-0.586856773
2546,Reg3g,-0.586856773
2547,Rel,-0.586856773
2548,Rela,0.441766092
2549,Relb,-0.586856773
2550,Rest,-0.84401249
2551,Ret,-0.84401249
2552,Retnlg,-0.84401249
2553,Rfpl4b,-0.586856773
2554,Rftn1,0.441766092
2555,Rgcc,0.441766092
2556,Rhag,-0.84401249
2557,Rhbdd3,-0.586856773
2558,Rhd,-0.84401249
2559,Rhoa,-0.329701057
2560,Rhog,-0.586856773
2561,Rhoh,-0.329701057
2562,Rif1,3.013323254
2563,Rin3,-0.586856773
2564,Riok3,0.441766092
2565,Ripk1,-0.329701057
2566,Ripk2,1.984700389
2567,Ripk3,1.470388957
2568,Ripor2,-0.329701057
2569,Rnase2a,-0.586856773
2570,Rnase2b,-0.586856773
2571,Rnase6,-0.586856773
2572,Rnasel,-0.586856773
2573,Rnf125,-0.586856773
2574,Rnf135,-0.072545341
2575,Rnf166,-0.586856773
2576,Rnf168,-0.586856773
2577,Rnf187,-0.586856773
2578,Rnf19b,-0.586856773
2579,Rnf216,-0.072545341
2580,Rnf26,-0.072545341
2581,Rnf31,0.441766092
2582,Rnf39,"-0.586856773, -0.445291194, -0.138723829, -0.712105801"
2583,Rnf41,-0.586856773
2584,Rnf8,"-0.586856773, 0.028240438, 0.855016942, -0.198797857"
2585,Ro60,-0.84401249
2586,Rock1,-0.84401249
2587,Rogdi,-0.84401249
2588,Romo1,-0.586856773
2589,Ror2,-0.329701057
2590,Rora,-0.329701057
2591,Rorc,-0.329701057
2592,Rpa1,-0.84401249
2593,Rpl13a,-0.586856773
2594,Rpl22,-0.84401249
2595,Rpl30,-0.586856773
2596,Rpl39,-0.586856773
2597,Rps14,-0.84401249
2598,Rps17,-0.84401249
2599,Rps19,0.956077524
2600,Rps24,-0.84401249
2601,Rps3,0.441766092
2602,Rps6,-0.586856773
2603,Rps6kb1,-0.586856773
2604,Rras,-0.84401249
2605,Rrp1b,"1.027918328, 0.308019289, 0.57466636"
2606,Rrs1,-0.84401249
2607,Rsad2,3.527634687
2608,Rsph1,"0.186084316, -0.797412596, 0.907365284"
2609,Rtkn2,-0.84401249
2610,Rtn4,0.184610375
2611,Rtp4,-0.586856773
2612,Rubcn,-0.84401249
2613,Runx1,-0.329701057
2614,Runx2,-0.84401249
2615,Runx3,-0.329701057
2616,S100a14,-0.329701057
2617,S100a8,-0.586856773
2618,S100a9,-0.586856773
2619,S1pr1,-0.84401249
2620,SIK1,0.014515025
2621,SLC37A1,2.088627383
2622,SRSF3,0.708897251
2623,STK38,-0.171146142
2624,Sac3d1,-0.072545341
2625,Samd9l,-0.84401249
2626,Samhd1,-0.072545341
2627,Samsn1,0.184610375
2628,Sarm1,-0.586856773
2629,Sart1,-0.329701057
2630,Sart3,-0.84401249
2631,Sash3,3.527634687
2632,Satb1,-0.84401249
2633,Sbds,-0.84401249
2634,Sbno2,-0.586856773
2635,Scap,-0.586856773
2636,Scart2,-0.84401249
2637,Scd1,-0.586856773
2638,Scg2,-0.84401249
2639,Scgb1a1,-0.586856773
2640,Scimp,0.698921808
2641,Scin,-0.586856773
2642,Scnn1b,-0.586856773
2643,Scrib,-0.586856773
2644,Sdc4,-0.586856773
2645,Sdhaf4,-0.586856773
2646,Sec14l1,-0.072545341
2647,Sectm1a,-0.586856773
2648,Sectm1b,-0.586856773
2649,Seh1l,-0.586856773
2650,Sele,-0.329701057
2651,Selenok,0.184610375
2652,Selenos,-0.072545341
2653,Sell,-0.329701057
2654,Selp,-0.329701057
2655,Selplg,-0.84401249
2656,Sema4a,-0.586856773
2657,Sema7a,0.184610375
2658,Senp1,-0.586856773
2659,Serinc3,-0.586856773
2660,Serinc5,-0.586856773
2661,Serpina3g,-0.586856773
2662,Serpinb12,-0.84401249
2663,Serpinb1a,-0.072545341
2664,Serpinb3a,0.698921808
2665,Serpinb9,0.698921808
2666,Serpinb9b,-0.586856773
2667,Serpinb9f,-0.84401249
2668,Serpine1,-0.072545341
2669,Serping1,0.698921808
2670,Setd1a,-0.586856773
2671,Setd2,-0.586856773
2672,Sfpq,0.441766092
2673,Sfrp1,-0.586856773
2674,Sfrp2,-0.84401249
2675,Sftpa1,-0.84401249
2676,Sftpd,-0.329701057
2677,Sfxn1,-0.84401249
2678,Sgpl1,-0.84401249
2679,Sh2b2,0.441766092
2680,Sh2b3,-0.84401249
2681,Sh2d1a,1.984700389
2682,Sh2d1b1,1.984700389
2683,Sh2d1b2,1.984700389
2684,Sh3kbp1,-0.329701057
2685,Sh3pxd2a,-0.84401249
2686,Sh3rf1,-0.586856773
2687,Shb,0.956077524
2688,Shc1,-0.586856773
2689,Shfl,-0.586856773
2690,Shh,-0.329701057
2691,Shld1,3.013323254
2692,Shld2,3.013323254
2693,Shld3,3.013323254
2694,Shmt2,-0.586856773
2695,Shpk,-0.586856773
2696,Siae,-0.586856773
2697,Siglecg,0.184610375
2698,Sik1,"0.028240438, 1.56107722, 1.063011592"
2699,Sin3a,0.441766092
2700,Sipa1l3,-0.84401249
2701,Sirpa,-0.072545341
2702,Sirpb1a,-0.329701057
2703,Sirpb1b,-0.329701057
2704,Sirpb1c,-0.329701057
2705,Sirt1,1.470388957
2706,Sirt2,-0.072545341
2707,Sit1,-0.329701057
2708,Siva1,-0.84401249
2709,Six1,-0.84401249
2710,Six4,-0.84401249
2711,Skap1,0.956077524
2712,Skap2,-0.84401249
2713,Skil,-0.84401249
2714,Skint1,0.441766092
2715,Skint10,0.441766092
2716,Skint11,0.441766092
2717,Skint2,0.441766092
2718,Skint3,0.441766092
2719,Skint4,0.441766092
2720,Skint5,0.441766092
2721,Skint6,0.441766092
2722,Skint7,0.441766092
2723,Skint8,0.441766092
2724,Skint9,0.441766092
2725,Skp2,-0.586856773
2726,Sla,-0.586856773
2727,Sla2,0.441766092
2728,Slamf1,3.527634687
2729,Slamf6,1.984700389
2730,Slamf7,-0.329701057
2731,Slamf8,0.184610375
2732,Slamf9,-0.586856773
2733,Slc11a1,1.470388957
2734,Slc11a2,-0.84401249
2735,Slc12a2,-0.84401249
2736,Slc15a3,-0.586856773
2737,Slc15a4,1.727544673
2738,Slc22a13,3.527634687
2739,Slc25a38,-0.84401249
2740,Slc25a5,-0.84401249
2741,Slc26a6,-0.586856773
2742,Slc37a1,"-0.024374188, 0.026514281, -0.617834709"
2743,Slc37a4,-0.84401249
2744,Slc39a10,0.441766092
2745,Slc39a3,-0.84401249
2746,Slc40a1,-0.84401249
2747,Slc46a2,-0.586856773
2748,Slc4a1,-0.329701057
2749,Slc7a1,-0.329701057
2750,Slc7a11,-0.586856773
2751,Slc7a2,-0.586856773
2752,Slc7a6os,-0.84401249
2753,Slc8a3,-0.84401249
2754,Slc8b1,-0.586856773
2755,Slc9b2,-0.329701057
2756,Slfn1,-0.586856773
2757,Slfn8,-0.586856773
2758,Slfn9,-0.586856773
2759,Slit2,-0.586856773
2760,Slpi,-0.586856773
2761,Smad3,-0.072545341
2762,Smad5,-0.84401249
2763,Smad6,-0.586856773
2764,Smad7,1.470388957
2765,Smap1,-0.586856773
2766,Smarca4,-0.84401249
2767,Smpd1,-0.586856773
2768,Smpd3,-0.586856773
2769,Smpdl3b,-0.072545341
2770,Snap23,-0.586856773
2771,Snca,-0.329701057
2772,Snx10,-0.84401249
2773,Snx4,1.213233241
2774,Socs1,0.184610375
2775,Socs5,1.470388957
2776,Socs6,-0.586856773
2777,Sod1,-0.84401249
2778,Sod2,-0.84401249
2779,Sos1,-0.586856773
2780,Sos2,-0.586856773
2781,Sox11,-0.586856773
2782,Sox12,-0.329701057
2783,Sox13,-0.329701057
2784,Sox4,-0.329701057
2785,Sox6,-0.84401249
2786,Sox9,-0.586856773
2787,Sp1,-0.84401249
2788,Sp110,-0.586856773
2789,Sp3,-0.84401249
2790,Sp7,-0.84401249
2791,Spag11a,-0.586856773
2792,Spag11b,-0.586856773
2793,Sphk1,-0.586856773
2794,Sphk2,1.213233241
2795,Spi1,1.470388957
2796,Spib,-0.84401249
2797,Spink5,0.184610375
2798,Spn,1.984700389
2799,Spns2,-0.072545341
2800,Spon2,0.441766092
2801,Spp1,-0.84401249
2802,Sppl2a,-0.072545341
2803,Sppl2b,-0.072545341
2804,Sppl3,0.441766092
2805,Spta1,-0.329701057
2806,Sptb,-0.84401249
2807,Sqstm1,-0.84401249
2808,Src,-0.586856773
2809,Srebf1,0.441766092
2810,Srf,-0.84401249
2811,Srms,-0.586856773
2812,Srsf3,"-0.392676568, -0.142750939, 0.208984856"
2813,Srsf4,-0.84401249
2814,Ssbp3,-0.84401249
2815,Ssc5d,-0.586856773
2816,St3gal1,-0.586856773
2817,St3gal4,-0.586856773
2818,Stab1,-0.586856773
2819,Stab2,-0.586856773
2820,Stap1,1.470388957
2821,Stard7,-0.586856773
2822,Stat1,-0.072545341
2823,Stat2,-0.072545341
2824,Stat3,-0.329701057
2825,Stat5a,1.984700389
2826,Stat5b,1.984700389
2827,Stat6,3.013323254
2828,Sting1,0.441766092
2829,Stk10,-0.586856773
2830,Stk11,0.441766092
2831,Stk3,-0.84401249
2832,Stk38,"-0.340061942, 0.908002593, -0.565074044"
2833,Stk39,-0.329701057
2834,Stk4,-0.84401249
2835,Stoml2,0.441766092
2836,Ston2,-0.84401249
2837,Stx11,-0.586856773
2838,Stx4a,1.470388957
2839,Stx7,3.527634687
2840,Stx8,-0.586856773
2841,Stxbp1,1.213233241
2842,Stxbp2,1.213233241
2843,Stxbp3,-0.586856773
2844,Stxbp4,-0.586856773
2845,Styk1,-0.586856773
2846,Sucnr1,-0.586856773
2847,Supt6,1.213233241
2848,Susd4,1.727544673
2849,Sva,-0.586856773
2850,Sval1,-0.586856773
2851,Sval2,-0.586856773
2852,Sval3,-0.586856773
2853,Swap70,-0.072545341
2854,Syk,1.213233241
2855,Syncrip,-0.586856773
2856,Syt11,-0.072545341
2857,Syvn1,-0.84401249
2858,TBC1D22B,0.014515025
2859,TFF1,0.857005407
2860,TFF3,3.059576156
2861,TMPRSS3,1.403279477
2862,TRIM26,0.548144511
2863,TRIM31,-0.679867202
2864,TRIM40,-0.191455975
2865,Tac1,-0.072545341
2866,Tac4,-0.586856773
2867,Tacc3,-0.84401249
2868,Tacr1,-0.329701057
2869,Tafa3,-0.329701057
2870,Tafa4,-0.84401249
2871,Tagap,-0.586856773
2872,Tal1,-0.586856773
2873,Tap1,0.698921808
2874,Tap2,3.527634687
2875,Tapbp,-0.84401249
2876,Tapbpl,-0.586856773
2877,Tarbp2,-0.072545341
2878,Tarm1,-0.329701057
2879,Tasl,0.441766092
2880,Taz,-0.84401249
2881,Tbc1d10c,-0.586856773
2882,Tbc1d22b,"0.13346969, -0.079767102, 0.804398547"
2883,Tbc1d22bos,-0.024374188
2884,Tbk1,0.441766092
2885,Tbkbp1,-0.586856773
2886,Tbx1,-0.84401249
2887,Tbx21,3.270478971
2888,Tcaf2,-0.84401249
2889,Tcea1,-0.84401249
2890,Tcf21,-0.84401249
2891,Tcf3,-0.329701057
2892,Tcf7,-0.586856773
2893,Tcim,-0.329701057
2894,Tcirg1,-0.586856773
2895,Tcra-V3.1,-0.84401249
2896,Tcta,-0.586856773
2897,Tdgf1,-0.586856773
2898,Tec,0.441766092
2899,Tek,0.184610375
2900,Tent2,-0.84401249
2901,Terc,-0.84401249
2902,Tesc,-0.329701057
2903,Tespa1,0.441766092
2904,Tet2,-0.84401249
2905,Tex101,-0.329701057
2906,Tfe3,-0.329701057
2907,Tfeb,-0.586856773
2908,Tff1,"-0.182218065, -0.527324421, -0.528607619"
2909,Tff2,-0.586856773
2910,Tff3,"-0.445291194, -0.216155508, -0.864306907"
2911,Tfrc,3.013323254
2912,Tgfb1,3.013323254
2913,Tgfb2,0.441766092
2914,Tgfb3,-0.329701057
2915,Tgfbr1,-0.84401249
2916,Tgfbr2,-0.329701057
2917,Tgfbr3,-0.586856773
2918,Tgtp1,-0.586856773
2919,Thbs1,-0.329701057
2920,Thbs4,-0.329701057
2921,Themis,0.441766092
2922,Themis2,0.441766092
2923,Themis3,0.441766092
2924,Thoc1,1.213233241
2925,Thoc5,-0.586856773
2926,Thpo,-0.586856773
2927,Thra,-0.84401249
2928,Thsd1,-0.84401249
2929,Thy1,0.441766092
2930,Ticam1,0.956077524
2931,Ticam2,-0.586856773
2932,Tifa,-0.586856773
2933,Tigit,-0.586856773
2934,Timd2,-0.329701057
2935,Tiparp,-0.84401249
2936,Tirap,0.441766092
2937,Tjp2,-0.586856773
2938,Tkfc,-0.072545341
2939,Tlr1,-0.586856773
2940,Tlr11,-0.586856773
2941,Tlr12,-0.586856773
2942,Tlr13,-0.586856773
2943,Tlr2,1.213233241
2944,Tlr3,0.184610375
2945,Tlr4,1.213233241
2946,Tlr5,-0.586856773
2947,Tlr6,-0.072545341
2948,Tlr7,-0.586856773
2949,Tlr8,0.441766092
2950,Tlr9,1.213233241
2951,Tlx1,-0.84401249
2952,Tmbim6,-0.329701057
2953,Tmem102,-0.329701057
2954,Tmem106a,-0.586856773
2955,Tmem131l,-0.586856773
2956,Tmem143,-0.84401249
2957,Tmem14c,-0.84401249
2958,Tmem176a,-0.586856773
2959,Tmem176b,-0.586856773
2960,Tmem178,-0.586856773
2961,Tmem190,-0.84401249
2962,Tmem217,"-0.445291194, -0.732288592, -0.648317997"
2963,Tmem64,-0.329701057
2964,Tmem91,-0.84401249
2965,Tmem98,-0.586856773
2966,Tmf1,-0.586856773
2967,Tmod3,-0.84401249
2968,Tmprss3,"-0.076988813, -0.681019137, -0.883796899"
2969,Tnf,3.013323254
2970,Tnfaip3,0.698921808
2971,Tnfaip8,-0.586856773
2972,Tnfaip8l2,-0.329701057
2973,Tnfrsf11a,-0.586856773
2974,Tnfrsf13b,-0.329701057
2975,Tnfrsf13c,1.470388957
2976,Tnfrsf14,0.956077524
2977,Tnfrsf17,-0.586856773
2978,Tnfrsf18,-0.329701057
2979,Tnfrsf1a,-0.586856773
2980,Tnfrsf1b,1.470388957
2981,Tnfrsf21,0.441766092
2982,Tnfrsf23,-0.84401249
2983,Tnfrsf4,0.184610375
2984,Tnfsf10,-0.586856773
2985,Tnfsf11,-0.072545341
2986,Tnfsf12,-0.586856773
2987,Tnfsf13,3.013323254
2988,Tnfsf13b,1.470388957
2989,Tnfsf14,-0.072545341
2990,Tnfsf15,-0.586856773
2991,Tnfsf18,0.956077524
2992,Tnfsf4,3.527634687
2993,Tnfsf8,-0.586856773
2994,Tnfsf9,-0.072545341
2995,Tnfsfm13,3.013323254
2996,Tnip2,-0.329701057
2997,Tnk1,-0.586856773
2998,Tnk2,-0.586856773
2999,Tnrc6c,-0.84401249
3000,Tob2,-0.586856773
3001,Tollip,-0.586856773
3002,Tomm70a,0.441766092
3003,Top2a,-0.84401249
3004,Tox,-0.329701057
3005,Tpd52,-0.84401249
3006,Tpo,-0.84401249
3007,Traf2,3.527634687
3008,Traf3,-0.072545341
3009,Traf3ip1,-0.072545341
3010,Traf3ip2,-0.072545341
3011,Traf6,3.527634687
3012,Trafd1,-0.072545341
3013,Traj18,-0.84401249
3014,Trat1,0.441766092
3015,Trav12-1,-0.586856773
3016,Trav12-2,-0.586856773
3017,Trav12-3,-0.586856773
3018,Trav12d-1,-0.586856773
3019,Trav12n-2,-0.586856773
3020,Trav12n-3,-0.586856773
3021,Trav15-1-dv6-1,-0.586856773
3022,Trav15-2-dv6-2,-0.586856773
3023,Trav15d-1-dv6d-1,-0.586856773
3024,Trav15d-2-dv6d-2,-0.586856773
3025,Trav16,-0.586856773
3026,Trav16d-dv11,-0.586856773
3027,Trav16n,-0.586856773
3028,Trav6-1,-0.586856773
3029,Trav6-2,-0.586856773
3030,Trav6-3,-0.586856773
3031,Trav6-4,-0.586856773
3032,Trav6-5,-0.586856773
3033,Trav6-6,-0.586856773
3034,Trav6-7-dv9,-0.586856773
3035,Trav6d-3,-0.586856773
3036,Trav6d-4,-0.586856773
3037,Trav6d-5,-0.586856773
3038,Trav6d-7,-0.586856773
3039,Trav6n-5,-0.586856773
3040,Trav6n-6,-0.586856773
3041,Trav6n-7,-0.586856773
3042,Trbc1,0.441766092
3043,Trbc2,0.441766092
3044,Trdc,0.441766092
3045,Trdv2-1,-0.586856773
3046,Trdv2-2,-0.586856773
3047,Trdv4,0.441766092
3048,Trdv5,-0.586856773
3049,Trem1,-0.586856773
3050,Trem2,3.013323254
3051,Trem3,0.441766092
3052,Treml2,-0.84401249
3053,Treml4,-0.072545341
3054,Trex1,0.698921808
3055,Trf,-0.586856773
3056,Trgv1,-0.586856773
3057,Trib1,-0.329701057
3058,Tril,-0.072545341
3059,Trim10,-0.586856773
3060,Trim11,-0.586856773
3061,Trim12a,-0.586856773
3062,Trim12c,-0.586856773
3063,Trim13,-0.586856773
3064,Trim14,-0.586856773
3065,Trim15,-0.586856773
3066,Trim17,-0.586856773
3067,Trim21,-0.072545341
3068,Trim25,-0.586856773
3069,Trim26,"-0.586856773, -0.445291194, 1.413021468, -0.839848885"
3070,Trim27,0.184610375
3071,Trim28,-0.586856773
3072,Trim29,-0.586856773
3073,Trim30a,-0.586856773
3074,Trim30b,-0.586856773
3075,Trim30c,-0.586856773
3076,Trim30d,-0.586856773
3077,Trim31,"-0.586856773, -0.445291194, -0.470533145, -0.859480611"
3078,Trim32,-0.586856773
3079,Trim34a,-0.586856773
3080,Trim34b,-0.586856773
3081,Trim35,-0.586856773
3082,Trim38,-0.072545341
3083,Trim39,-0.586856773
3084,Trim40,"-0.586856773, -0.445291194, -0.065425498, -0.241080328"
3085,Trim43a,-0.586856773
3086,Trim43b,-0.586856773
3087,Trim43c,-0.586856773
3088,Trim44,-0.072545341
3089,Trim5,-0.586856773
3090,Trim55,-0.586856773
3091,Trim56,-0.586856773
3092,Trim58,-0.586856773
3093,Trim59,-0.586856773
3094,Trim6,0.956077524
3095,Trim60,-0.586856773
3096,Trim61,-0.586856773
3097,Trim62,0.441766092
3098,Trim68,-0.586856773
3099,Trim75,-0.586856773
3100,Trim8,-0.586856773
3101,Triml1,-0.586856773
3102,Triml2,-0.586856773
3103,Trp53,-0.072545341
3104,Trp53bp1,3.013323254
3105,Trpm2,-0.84401249
3106,Trpm4,1.470388957
3107,Trpv1,-0.84401249
3108,Trpv4,-0.329701057
3109,Tsc1,-0.586856773
3110,Tsc22d3,-0.586856773
3111,Tshr,-0.84401249
3112,Tslp,-0.072545341
3113,Tspan2,-0.84401249
3114,Tspan32,-0.072545341
3115,Tspan6,-0.072545341
3116,Tspo2,-0.84401249
3117,Ttbk1,-0.329701057
3118,Ttc4,-0.586856773
3119,Ttc7,-0.84401249
3120,Ttll1,-0.586856773
3121,Ttll12,-0.072545341
3122,Tusc2,-0.586856773
3123,Twist2,-0.586856773
3124,Twsg1,-0.586856773
3125,Txk,0.441766092
3126,Txlna,-0.84401249
3127,Txnrd2,-0.84401249
3128,Tyr,-0.84401249
3129,Tyro3,-0.072545341
3130,Tyrobp,1.470388957
3131,U2AF1,-0.494636423
3132,U2af1,"-0.392676568, -0.306277923, -0.184241007"
3133,UBASH3A,-0.488823809
3134,Uba5,-0.84401249
3135,Ubash3a,"0.441766092, 0.607001322, -0.642790484, -0.440546763"
3136,Ubash3b,-0.586856773
3137,Ubd,-0.586856773
3138,Ube2k,0.441766092
3139,Ube2n,0.441766092
3140,Ufd1,-0.072545341
3141,Ufl1,-0.84401249
3142,Ulbp1,1.984700389
3143,Umod,-0.586856773
3144,Umodl1,"-0.84401249, 2.290669348, -0.497269341, -0.638227493"
3145,Unc13b,0.441766092
3146,Unc13d,0.956077524
3147,Unc93b1,-0.586856773
3148,Ung,-0.586856773
3149,Usp12,0.441766092
3150,Usp14,-0.586856773
3151,Usp15,-0.072545341
3152,Usp18,-0.072545341
3153,Usp25,-0.586856773
3154,Usp46,0.441766092
3155,Usp9x,0.441766092
3156,VARS2,3.059576156
3157,Vamp2,-0.586856773
3158,Vamp3,-0.586856773
3159,Vamp4,-0.586856773
3160,Vamp7,1.213233241
3161,Vamp8,1.213233241
3162,Vars2,"-0.182218065, 0.422253414, -0.651891948"
3163,Vav1,1.984700389
3164,Vav3,0.441766092
3165,Vcam1,-0.329701057
3166,Vegfa,-0.072545341
3167,Vegfb,-0.329701057
3168,Vegfc,-0.329701057
3169,Vegfd,-0.329701057
3170,Vgf,-0.586856773
3171,Vim,-0.586856773
3172,Vip,-0.586856773
3173,Vmn1r13,-0.84401249
3174,Vmn1r214,-0.84401249
3175,Vmn2r74,-0.84401249
3176,Vnn1,-0.072545341
3177,Vpreb1,-0.586856773
3178,Vpreb2,-0.586856773
3179,Vpreb3,-0.072545341
3180,Vps26b,-0.586856773
3181,Vps33a,-0.84401249
3182,Vps33b,-0.84401249
3183,Vsig4,0.698921808
3184,Vsir,1.727544673
3185,Vtcn1,0.441766092
3186,Vtn,-0.586856773
3187,WDR4,0.418969249
3188,WIZ,0.014515025
3189,Wap,-0.586856773
3190,Was,1.470388957
3191,Wasf2,-0.84401249
3192,Washc1,-0.072545341
3193,Wdfy4,-0.84401249
3194,Wdr1,-0.84401249
3195,Wdr38,-0.84401249
3196,Wdr4,"-0.392676568, -0.14344288, -0.516373204"
3197,Wdr61,-0.586856773
3198,Wdr7,-0.84401249
3199,Wfdc10,-0.586856773
3200,Wfdc11,-0.586856773
3201,Wfdc12,-0.586856773
3202,Wfdc13,-0.586856773
3203,Wfdc15a,-0.586856773
3204,Wfdc15b,-0.586856773
3205,Wfdc16,-0.586856773
3206,Wfdc17,-0.586856773
3207,Wfdc18,-0.586856773
3208,Wfdc2,-0.586856773
3209,Wfdc21,-0.586856773
3210,Wfdc3,-0.586856773
3211,Wfdc5,-0.586856773
3212,Wfdc6a,-0.586856773
3213,Wfdc9,-0.586856773
3214,Wipi2,-0.586856773
3215,Wiz,"-0.182218065, -0.608136775, -0.270570015"
3216,Wnk1,0.441766092
3217,Wnt1,-0.84401249
3218,Wnt10b,-0.84401249
3219,Wnt2b,-0.84401249
3220,Wnt3a,-0.329701057
3221,Wnt4,-0.84401249
3222,Wnt5a,0.956077524
3223,Wrnip1,-0.586856773
3224,Wwp1,-0.84401249
3225,Xbp1,0.956077524
3226,Xcl1,3.527634687
3227,Xcr1,-0.586856773
3228,Xkr8,-0.84401249
3229,Xrcc4,-0.586856773
3230,Xrcc5,0.441766092
3231,Xrcc6,0.441766092
3232,Yes1,-0.586856773
3233,Ythdf1,-0.586856773
3234,Ythdf2,-0.072545341
3235,Ythdf3,-0.072545341
3236,Ywhaz,-0.586856773
3237,Yy1,-0.84401249
3238,ZFAND3,0.708897251
3239,Zap70,0.441766092
3240,Zbp1,0.441766092
3241,Zbtb1,3.527634687
3242,Zbtb16,-0.329701057
3243,Zbtb24,-0.84401249
3244,Zbtb32,-0.84401249
3245,Zbtb46,-0.329701057
3246,Zbtb7a,-0.586856773
3247,Zbtb7b,0.956077524
3248,Zc3h12a,1.213233241
3249,Zc3h12d,-0.586856773
3250,Zc3h8,-0.586856773
3251,Zc3hav1,-0.072545341
3252,Zcchc3,0.441766092
3253,Zdhhc1,-0.072545341
3254,Zdhhc11,-0.072545341
3255,Zeb1,-0.586856773
3256,Zfand3,"-0.234832691, -0.107683741, 0.347763087"
3257,Zfat,-0.84401249
3258,Zfp101,"-0.129603439, 1.111590759, -0.242735175"
3259,Zfp335,-0.329701057
3260,Zfp35,0.184610375
3261,Zfp36,-0.586856773
3262,Zfp36l1,-0.329701057
3263,Zfp36l2,-0.586856773
3264,Zfp385a,-0.84401249
3265,Zfp422-rs1,0.13346969
3266,Zfp472,"0.712230574, -0.528152038, 0.284878534"
3267,Zfp563,"1.396220709, 0.34671318, 2.193238676"
3268,Zfp580,-0.329701057
3269,Zfp608,-0.586856773
3270,Zfp609,-0.329701057
3271,Zfp683,-0.072545341
3272,Zfp763,"0.186084316, 0.759679591, -0.190590454"
3273,Zfp784,-0.84401249
3274,Zfp799,"0.080855064, 1.365403914, -0.275193878"
3275,Zfp809,-0.586856773
3276,Zfp81,"0.50177207, 0.331442606, 2.278617294"
3277,Zfp811,"-0.445291194, 0.088208759, -0.436842171"
3278,Zfp870,"2.13282547, -0.527201173, -0.435852918"
3279,Zfp871,"0.028240438, 0.155941239, 0.97658032"
3280,Zfp950,-0.84401249
3281,Zfp952,0.13346969
3282,Zfp955a,"-0.076988813, -0.652349343, 1.119896474"
3283,Zfp955b,-0.234832691
3284,Zfp980,-0.84401249
3285,Zfpm1,-0.586856773
3286,Zg16,-0.586856773
3287,Zmiz1,-0.329701057
3288,Zmpste24,-0.072545341
3289,Zmynd11,-0.586856773
3290,Znhit1,-0.586856773
3291,Zp3,3.527634687
3292,Zp3r,1.727544673
3293,Zpbp2,-0.329701057
3294,Zswim9,-0.84401249
3295,Zyx,-0.586856773
3296,f,-0.84401249
3297,hem1,-0.84401249
3298,sgl,-0.84401249
