GENE,"PATHWAY Z-SCORE
"
GM11127,"3.5276346870186956
"
H2-T24,"3.5276346870186956
"
H2-D1,"3.5276346870186956
"
SLC22A13,"3.5276346870186956
"
CD1D2,"3.5276346870186956
"
CD1D1,"3.5276346870186956
"
B2M,"3.5276346870186956
"
AZGP1,"3.5276346870186956
"
GM8909,"3.5276346870186956
"
H2-M10.2,"3.5276346870186956
"
TAP2,"3.5276346870186956
"
ARID5A,"3.5276346870186956
"
H2-M5,"3.5276346870186956
"
H2-BL,"3.5276346870186956
"
HSPD1,"3.5276346870186956
"
IL18,"3.5276346870186956
"
PRKCZ,"3.5276346870186956
"
IL6,"3.5276346870186956
"
IL4,"3.5276346870186956
"
RSAD2,"3.5276346870186956
"
DENND1B,"3.5276346870186956
"
GM7030,"3.5276346870186956
"
IL23A,"3.5276346870186956
"
H2-M10.6,"3.5276346870186956
"
PNP,"3.5276346870186956
"
NLRP3,"3.5276346870186956
"
H2-M10.5,"3.5276346870186956
"
FZD5,"3.5276346870186956
"
TRAF2,"3.5276346870186956
"
ZBTB1,"3.5276346870186956
"
TRAF6,"3.5276346870186956
"
HSPA8,"3.5276346870186956
"
IL18R1,"3.5276346870186956
"
P2RX7,"3.5276346870186956
"
CYRIB,"3.5276346870186956
"
H2-Q8,"3.5276346870186956
"
MALT1,"3.5276346870186956
"
STX7,"3.5276346870186956
"
H2-M10.3,"3.5276346870186956
"
ZP3,"3.5276346870186956
"
SASH3,"3.5276346870186956
"
H2-T3,"3.5276346870186956
"
H2-T23,"3.5276346870186956
"
H2-T22,"3.5276346870186956
"
H2-T10,"3.5276346870186956
"
H2-Q9,"3.5276346870186956
"
H2-Q7,"3.5276346870186956
"
H2-Q6,"3.5276346870186956
"
H2-Q4,"3.5276346870186956
"
H2-Q2,"3.5276346870186956
"
H2-Q10,"3.5276346870186956
"
H2-Q1,"3.5276346870186956
"
H2-M3,"3.5276346870186956
"
H2-M2,"3.5276346870186956
"
H2-M1,"3.5276346870186956
"
H2-L,"3.5276346870186956
"
H2-K1,"3.5276346870186956
"
GATA3,"3.5276346870186956
"
P01896,"3.5276346870186956
"
CD24A,"3.5276346870186956
"
XCL1,"3.5276346870186956
"
TNFSF4,"3.5276346870186956
"
IL1R1,"3.5276346870186956
"
IL1B,"3.5276346870186956
"
IL12B,"3.5276346870186956
"
IL12A,"3.5276346870186956
"
MR1,"3.5276346870186956
"
FADD,"3.5276346870186956
"
H2-M11,"3.5276346870186956
"
CD81,"3.5276346870186956
"
SLAMF1,"3.5276346870186956
"
H2-M9,"3.5276346870186956
"
H2-M10.4,"3.5276346870186956
"
H2-M10.1,"3.5276346870186956
"
FOXP3,"3.5276346870186956
"
NECTIN2,"3.5276346870186956
"
PTPRC,"3.5276346870186956
"
KCNH1,"3.5276346870186956
"
GNAO1,"3.5276346870186956
"
KCNH3,"3.5276346870186956
"
KCNH2,"3.5276346870186956
"
CSDE1,"3.5276346870186956
"
GTPBP2,"3.5276346870186956
"
PELO,"3.5276346870186956
"
CNOT6,"3.5276346870186956
"
DRD4,"3.5276346870186956
"
DRD3,"3.5276346870186956
"
DRD2,"3.5276346870186956
"
IL4I1,"1.727544673113082
"
SPN,"1.9847003893853126
"
FUT7,"1.4703889568408515
"
HFE,"1.4703889568408515
"
DPP4,"1.727544673113082
"
NOD2,"3.270478970746465
"
CCR2,"2.756167538202004
"
ARG1,"2.4990118219297734
"
AGER,"1.727544673113082
"
PPP3CB,"1.4703889568408515
"
AHR,"1.4703889568408515
"
IFNB1,"1.4703889568408515
"
IL7R,"1.727544673113082
"
WAS,"1.4703889568408515
"
NCKAP1L,"1.9847003893853126
"
RIPK3,"1.4703889568408515
"
SMAD7,"1.4703889568408515
"
TNFRSF1B,"1.4703889568408515
"
TBX21,"3.270478970746465
"
MUC4,"1.4703889568408515
"
IL20RB,"1.4703889568408515
"
KLRD1,"2.756167538202004
"
VSIR,"1.727544673113082
"
DUSP22,"1.9847003893853126
"
TRPM4,"1.4703889568408515
"
KLRC1,"1.4703889568408515
"
CLEC4G,"1.4703889568408515
"
HMGB1,"1.9847003893853126
"
CARD9,"1.4703889568408515
"
6030468B19RIK,"3.0133232544742348
"
H2-AB1,"1.4703889568408515
"
FCGR3,"3.0133232544742348
"
CLCF1,"3.0133232544742348
"
FCER2A,"3.0133232544742348
"
C3,"3.0133232544742348
"
BTK,"3.0133232544742348
"
TRP53BP1,"3.0133232544742348
"
ATAD5,"3.0133232544742348
"
HMCES,"3.0133232544742348
"
FCER1A,"3.0133232544742348
"
FCER1G,"3.0133232544742348
"
FCGR1,"3.0133232544742348
"
TREM2,"3.0133232544742348
"
NFKBID,"1.9847003893853126
"
PLA2G4A,"1.4703889568408515
"
MIR326,"1.9847003893853126
"
TGFB1,"3.0133232544742348
"
PAGR1A,"3.0133232544742348
"
STAT6,"3.0133232544742348
"
TNF,"3.0133232544742348
"
LTA,"3.0133232544742348
"
KMT5C,"3.0133232544742348
"
NLRP10,"1.4703889568408515
"
SLC11A1,"1.4703889568408515
"
EXOSC6,"3.0133232544742348
"
IL27RA,"2.241856105657543
"
IFNG,"3.0133232544742348
"
CD226,"3.0133232544742348
"
KMT5B,"3.0133232544742348
"
SHLD2,"3.0133232544742348
"
TNFRSF13C,"1.4703889568408515
"
PMS2,"3.0133232544742348
"
ADA,"1.4703889568408515
"
TNFSF13,"3.0133232544742348
"
HPX,"3.0133232544742348
"
PRKCQ,"1.4703889568408515
"
MLH1,"3.0133232544742348
"
CD274,"1.4703889568408515
"
MSH2,"3.0133232544742348
"
IL23R,"1.4703889568408515
"
RIPK2,"1.9847003893853126
"
CLEC4N,"1.4703889568408515
"
SHLD1,"3.0133232544742348
"
MIR301,"1.727544673113082
"
SHLD3,"3.0133232544742348
"
NFKBIZ,"1.9847003893853126
"
H2-DMA,"1.4703889568408515
"
TNFSF13B,"1.4703889568408515
"
PAXIP1,"3.0133232544742348
"
CD40,"3.0133232544742348
"
CD4,"1.4703889568408515
"
CD28,"3.0133232544742348
"
IL12RB1,"1.4703889568408515
"
IL2,"3.0133232544742348
"
IGH-8,"3.0133232544742348
"
IGH-7,"3.0133232544742348
"
IGHG1,"3.0133232544742348
"
IGHG2B,"3.0133232544742348
"
IGHG2A,"3.0133232544742348
"
TNFSFM13,"3.0133232544742348
"
TFRC,"3.0133232544742348
"
NSD2,"3.0133232544742348
"
EXOSC3,"3.0133232544742348
"
RIF1,"3.0133232544742348
"
MAD2L2,"3.0133232544742348
"
PYCARD,"0.9560775242963904
"
EIF2AK4,"0.9560775242963904
"
SKAP1,"0.9560775242963904
"
MIF,"1.4703889568408515
"
SIRT1,"1.4703889568408515
"
CD44,"0.9560775242963904
"
CD74,"1.4703889568408515
"
CRTAM,"1.9847003893853126
"
LAG3,"1.9847003893853126
"
SH2D1B1,"1.9847003893853126
"
VAV1,"1.9847003893853126
"
CADM1,"1.9847003893853126
"
RAET1B,"1.9847003893853126
"
STAT5B,"1.9847003893853126
"
STAT5A,"1.9847003893853126
"
SH2D1A,"1.9847003893853126
"
ULBP1,"1.9847003893853126
"
KLRB1C,"1.9847003893853126
"
IL18RAP,"1.9847003893853126
"
CD160,"2.241856105657543
"
IL21,"1.9847003893853126
"
AP1G1,"1.9847003893853126
"
SLAMF6,"1.9847003893853126
"
SH2D1B2,"1.9847003893853126
"
KLRK1,"1.9847003893853126
"
H60A,"1.9847003893853126
"
LAMP1,"1.9847003893853126
"
RASGRP1,"1.9847003893853126
"
CLNK,"1.9847003893853126
"
KLRE1,"1.9847003893853126
"
DDX58,"1.213233240568621
"
SPI1,"1.4703889568408515
"
CCL2,"0.9560775242963904
"
STX4A,"1.4703889568408515
"
TICAM1,"0.9560775242963904
"
KIT,"1.213233240568621
"
ITGB2,"1.4703889568408515
"
ITGAM,"1.4703889568408515
"
SCIMP,"0.6989218080241599
"
MAVS,"1.4703889568408515
"
POMC,"1.4703889568408515
"
F2RL1,"1.4703889568408515
"
CD177,"1.4703889568408515
"
STAP1,"1.4703889568408515
"
DDX1,"0.9560775242963904
"
TYROBP,"1.4703889568408515
"
LYPD10,"1.4703889568408515
"
LYPD11,"1.4703889568408515
"
DDX21,"0.9560775242963904
"
PTAFR,"1.4703889568408515
"
CXCL1,"1.4703889568408515
"
DHX36,"0.9560775242963904
"
RC3H1,"1.213233240568621
"
CCR7,"1.4703889568408515
"
JAK3,"1.213233240568621
"
C4BP,"1.727544673113082
"
IL1RL1,"0.6989218080241599
"
IL27,"0.6989218080241599
"
FCGR2B,"1.727544673113082
"
ZBTB7B,"0.9560775242963904
"
CR2,"1.727544673113082
"
HAVCR2,"1.727544673113082
"
BCL6,"1.4703889568408515
"
THOC1,"1.213233240568621
"
SOCS5,"1.4703889568408515
"
ZC3H12A,"1.213233240568621
"
PTPN6,"1.727544673113082
"
SUPT6,"1.213233240568621
"
IRF1,"1.4703889568408515
"
NDFIP1,"1.213233240568621
"
APLF,"1.213233240568621
"
ZP3R,"1.727544673113082
"
ANXA1,"1.4703889568408515
"
PARP3,"1.213233240568621
"
PKN1,"0.6989218080241599
"
IL4RA,"1.727544673113082
"
TNFSF18,"0.9560775242963904
"
MIR181B-2,"1.213233240568621
"
MIR181B-1,"1.213233240568621
"
MEF2C,"0.9560775242963904
"
TNFAIP3,"0.6989218080241599
"
FOXJ1,"1.4703889568408515
"
OTUD5,"0.4417660917519294
"
LOXL3,"0.6989218080241599
"
RC3H2,"1.213233240568621
"
CCL19,"1.4703889568408515
"
CR1L,"1.727544673113082
"
IL33,"1.4703889568408515
"
CD46,"1.9847003893853126
"
SUSD4,"1.727544673113082
"
CD55,"1.727544673113082
"
CD55B,"1.727544673113082
"
SLC15A4,"1.727544673113082
"
HLX,"1.4703889568408515
"
TAP1,"0.6989218080241599
"
CLEC2D,"0.6989218080241599
"
SERPINB3A,"0.6989218080241599
"
SERPINB9,"0.6989218080241599
"
LGALS9,"1.213233240568621
"
LEP,"0.9560775242963904
"
KLRB1B,"0.6989218080241599
"
GFER,"0.6989218080241599
"
PIK3R6,"0.9560775242963904
"
ARRB2,"0.6989218080241599
"
CLEC12B,"0.6989218080241599
"
CEACAM1,"1.213233240568621
"
IGF2,"0.9560775242963904
"
CD96,"0.6989218080241599
"
CRK,"0.6989218080241599
"
ADCY7,"0.18461037547969886
"
IRF7,"0.6989218080241599
"
SAMSN1,"0.18461037547969886
"
DUSP10,"0.6989218080241599
"
ALOX15,"0.18461037547969886
"
TRIM27,"0.18461037547969886
"
TNFRSF14,"0.9560775242963904
"
CD48,"0.18461037547969886
"
TLR3,"0.18461037547969886
"
FGR,"1.213233240568621
"
BLK,"1.213233240568621
"
BCR,"0.4417660917519294
"
MS4A2,"1.213233240568621
"
FES,"0.9560775242963904
"
GAB2,"1.213233240568621
"
CRHR1,"1.213233240568621
"
CXCL5,"0.4417660917519294
"
CD84,"0.9560775242963904
"
VAMP8,"1.213233240568621
"
UNC13D,"0.9560775242963904
"
STXBP2,"1.213233240568621
"
STXBP1,"1.213233240568621
"
CD300A,"1.213233240568621
"
D6WSU163E,"0.9560775242963904
"
ABR,"0.4417660917519294
"
RABGEF1,"1.213233240568621
"
LYN,"1.213233240568621
"
NPPC,"1.213233240568621
"
NPPA,"1.213233240568621
"
TLR4,"1.213233240568621
"
FOXF1,"0.9560775242963904
"
SNX4,"1.213233240568621
"
TLR2,"1.213233240568621
"
ADORA2B,"1.213233240568621
"
DNASE1,"0.18461037547969886
"
GATA2,"1.213233240568621
"
SYK,"1.213233240568621
"
PLA2G3,"1.213233240568621
"
IL13,"1.213233240568621
"
VAMP7,"1.213233240568621
"
CX3CR1,"0.4417660917519294
"
IL13RA2,"0.9560775242963904
"
PLD2,"1.213233240568621
"
SPHK2,"1.213233240568621
"
PRAM1,"0.9560775242963904
"
FER,"0.9560775242963904
"
RAC2,"0.9560775242963904
"
ADORA3,"1.213233240568621
"
TLR9,"1.213233240568621
"
PDPK1,"0.9560775242963904
"
DNASE1L3,"0.18461037547969886
"
HMOX1,"0.9560775242963904
"
SHB,"0.9560775242963904
"
CD244A,"0.4417660917519294
"
PHB2,"0.4417660917519294
"
FOXP1,"0.4417660917519294
"
WNT5A,"0.9560775242963904
"
PGC,"0.9560775242963904
"
RPS19,"0.9560775242963904
"
DDX60,"0.4417660917519294
"
XBP1,"0.9560775242963904
"
MZB1,"0.18461037547969886
"
LILRB4A,"0.6989218080241599
"
TEK,"0.18461037547969886
"
GPRC5B,"0.18461037547969886
"
CD86,"0.4417660917519294
"
IL17A,"0.9560775242963904
"
ENPP3,"0.6989218080241599
"
PTPN22,"0.9560775242963904
"
RTN4,"0.18461037547969886
"
CD36,"0.4417660917519294
"
APPL2,"0.9560775242963904
"
ANKRD17,"0.4417660917519294
"
DNAJB9,"0.18461037547969886
"
IL5,"0.4417660917519294
"
LBP,"0.9560775242963904
"
TRIM6,"0.9560775242963904
"
NR4A3,"0.9560775242963904
"
PLA2G5,"0.9560775242963904
"
FFAR2,"0.9560775242963904
"
RBP4,"0.18461037547969886
"
RARA,"0.9560775242963904
"
SPON2,"0.4417660917519294
"
MYO18A,"0.4417660917519294
"
SEMA7A,"0.18461037547969886
"
FFAR3,"0.4417660917519294
"
DHX58,"0.6989218080241599
"
GPI1,"0.18461037547969886
"
INAVA,"0.4417660917519294
"
EPHB2,"0.18461037547969886
"
CD37,"0.6989218080241599
"
CD27,"0.18461037547969886
"
C6,"0.9560775242963904
"
RAPGEF1,"0.9560775242963904
"
PTPRJ,"0.9560775242963904
"
TNFRSF4,"0.18461037547969886
"
IL10,"0.9560775242963904
"
KLK5,"0.9560775242963904
"
KLK7,"0.9560775242963904
"
MYB,"0.9560775242963904
"
LACC1,"0.4417660917519294
"
PCK1,"0.9560775242963904
"
LAPTM5,"0.9560775242963904
"
IL17F,"0.9560775242963904
"
RAP1A,"0.9560775242963904
"
HK1,"0.4417660917519294
"
PHB,"0.9560775242963904
"
ZFP683,"-0.07254534079253165
"
GRN,"0.6989218080241599
"
IRAK3,"0.4417660917519294
"
ZFP35,"0.18461037547969886
"
NEPN,"-0.32970105706476216
"
CD59A,"0.6989218080241599
"
APPL1,"0.6989218080241599
"
CUEDC2,"-0.32970105706476216
"
VPREB3,"-0.07254534079253165
"
TGFB3,"-0.32970105706476216
"
CFH,"0.6989218080241599
"
APOA2,"-0.32970105706476216
"
APOA1,"-0.32970105706476216
"
SLAMF8,"0.18461037547969886
"
TREX1,"0.6989218080241599
"
PRKDC,"0.6989218080241599
"
CD5L,"0.6989218080241599
"
VSIG4,"0.6989218080241599
"
PGLYRP1,"0.18461037547969886
"
SPINK5,"0.18461037547969886
"
CD47,"0.6989218080241599
"
INS2,"0.18461037547969886
"
CGAS,"0.6989218080241599
"
ATG5,"-0.32970105706476216
"
TRIL,"-0.07254534079253165
"
ZPBP2,"-0.32970105706476216
"
A2M,"0.6989218080241599
"
CD59B,"0.6989218080241599
"
TGFB2,"0.4417660917519294
"
SERPING1,"0.6989218080241599
"
PGLYRP2,"0.18461037547969886
"
PGLYRP3,"0.18461037547969886
"
FGL2,"0.18461037547969886
"
SIGLECG,"0.18461037547969886
"
TMBIM6,"-0.32970105706476216
"
CD40LG,"0.6989218080241599
"
CD22,"0.6989218080241599
"
PGLYRP4,"0.18461037547969886
"
IGHM,"0.6989218080241599
"
ANGPT1,"-0.32970105706476216
"
C1QBP,"0.6989218080241599
"
LGALS3,"0.6989218080241599
"
FCNA,"0.4417660917519294
"
SKINT9,"0.4417660917519294
"
SKINT3,"0.4417660917519294
"
IRF3,"0.4417660917519294
"
TLR8,"0.4417660917519294
"
TESPA1,"0.4417660917519294
"
EIF2B4,"0.4417660917519294
"
TRIM62,"0.4417660917519294
"
POLR3G,"0.4417660917519294
"
FYN,"0.4417660917519294
"
IFI202A,"0.4417660917519294
"
LAX1,"0.4417660917519294
"
IGHV12-3,"0.4417660917519294
"
CACNB4,"0.4417660917519294
"
RPS3,"0.4417660917519294
"
P01746,"0.4417660917519294
"
P01750,"0.4417660917519294
"
P01786,"0.4417660917519294
"
P01792,"0.4417660917519294
"
BTNL2,"0.4417660917519294
"
RELA,"0.4417660917519294
"
TASL,"0.4417660917519294
"
C1RB,"0.4417660917519294
"
IFNL3,"0.4417660917519294
"
IGHV5-15,"0.4417660917519294
"
IGHV6-3,"0.4417660917519294
"
IGHV2-3,"0.4417660917519294
"
IGHV5-9,"0.4417660917519294
"
IGHV1-47,"0.4417660917519294
"
IGHV5-2,"0.4417660917519294
"
IGHV2-2,"0.4417660917519294
"
MGI:3643263,"0.4417660917519294
"
IGHV9-1,"0.4417660917519294
"
IGHV14-1,"0.4417660917519294
"
PLCL2,"0.4417660917519294
"
TREM3,"0.4417660917519294
"
ELANE,"0.4417660917519294
"
PTPN2,"0.4417660917519294
"
IGHV1-64,"0.4417660917519294
"
IGHV7-3,"0.4417660917519294
"
IGHV14-4,"0.4417660917519294
"
IGHV7-4,"0.4417660917519294
"
IGHV1-80,"0.4417660917519294
"
IGHV1-76,"0.4417660917519294
"
IGHV8-13,"0.4417660917519294
"
TRBC1,"0.4417660917519294
"
IGHV1-56,"0.4417660917519294
"
STK11,"0.4417660917519294
"
SKINT7,"0.4417660917519294
"
TIRAP,"0.4417660917519294
"
LIME1,"0.4417660917519294
"
IGHV1-20,"0.4417660917519294
"
C5AR1,"0.4417660917519294
"
C4B,"0.4417660917519294
"
C2,"0.4417660917519294
"
C1QC,"0.4417660917519294
"
C1QB,"0.4417660917519294
"
C1QA,"0.4417660917519294
"
BRAF,"0.4417660917519294
"
BCL2,"0.4417660917519294
"
IGHV1-63,"0.4417660917519294
"
PSEN2,"0.4417660917519294
"
IGHG2C,"1.9847003893853126
"
IFI208,"0.4417660917519294
"
IGHV8-6,"0.4417660917519294
"
IGHG3,"1.9847003893853126
"
MATR3,"0.4417660917519294
"
USP12,"0.4417660917519294
"
EZR,"0.4417660917519294
"
BTN1A1,"0.4417660917519294
"
POLR3B,"0.4417660917519294
"
GBP5,"0.4417660917519294
"
CYBA,"0.4417660917519294
"
XRCC6,"0.4417660917519294
"
CACNB3,"0.4417660917519294
"
AKIRIN2,"0.4417660917519294
"
UBE2N,"0.4417660917519294
"
LSM14A,"0.4417660917519294
"
POLR3D,"0.4417660917519294
"
PAWR,"0.4417660917519294
"
KARS,"0.4417660917519294
"
EIF2B3,"0.4417660917519294
"
IGHV6-5,"0.4417660917519294
"
RNF31,"0.4417660917519294
"
IGHV8-5,"0.4417660917519294
"
GPLD1,"0.4417660917519294
"
SKINT6,"0.4417660917519294
"
MAPK1,"0.4417660917519294
"
IGHV1-43,"0.4417660917519294
"
IGHV1-42,"0.4417660917519294
"
IGHV1-7,"0.4417660917519294
"
IGHV1-5,"0.4417660917519294
"
SKINT2,"0.4417660917519294
"
SKINT1,"0.4417660917519294
"
SKINT4,"0.4417660917519294
"
THY1,"0.4417660917519294
"
POLR3F,"0.4417660917519294
"
IFI211,"0.4417660917519294
"
NLRC5,"0.4417660917519294
"
MASP1,"0.4417660917519294
"
IGHV8-12,"0.4417660917519294
"
P01793,"0.4417660917519294
"
TEC,"0.4417660917519294
"
NONO,"0.4417660917519294
"
TRDC,"0.4417660917519294
"
IGHV5-12-4,"0.4417660917519294
"
VAV3,"0.4417660917519294
"
C8A,"0.4417660917519294
"
PVRIG,"0.4417660917519294
"
IGHV8-4,"0.4417660917519294
"
TRAT1,"0.4417660917519294
"
DGKZ,"0.4417660917519294
"
BCL2A1D,"0.4417660917519294
"
FPR2,"0.4417660917519294
"
FPR-RS3,"0.4417660917519294
"
FPR-RS4,"0.4417660917519294
"
COCH,"0.4417660917519294
"
SLC39A10,"0.4417660917519294
"
EIF2B1,"0.4417660917519294
"
IGHV1-67,"0.4417660917519294
"
IFI35,"0.4417660917519294
"
GCSAM,"0.4417660917519294
"
TXK,"0.4417660917519294
"
CMKLR1,"0.4417660917519294
"
FYB,"0.4417660917519294
"
C4A,"0.4417660917519294
"
BMX,"0.4417660917519294
"
IL15,"0.4417660917519294
"
EIF2B5,"0.4417660917519294
"
KHDRBS1,"0.4417660917519294
"
PLSCR1,"0.4417660917519294
"
APCS,"0.4417660917519294
"
RIOK3,"0.4417660917519294
"
CRKL,"0.4417660917519294
"
IGLC3,"0.4417660917519294
"
IGHV1-82,"0.4417660917519294
"
IGHV1-37,"0.4417660917519294
"
IGHV1-36,"0.4417660917519294
"
IGHV1-81,"0.4417660917519294
"
IGHV1-72,"0.4417660917519294
"
IGHV10-1,"0.4417660917519294
"
IGHV1-4,"0.4417660917519294
"
IGHV14-2,"0.4417660917519294
"
IGHV3-3,"0.4417660917519294
"
IGH-VJ558,"0.4417660917519294
"
BAX,"0.4417660917519294
"
IGHV5-16,"0.4417660917519294
"
SLA2,"0.4417660917519294
"
IGHV4-1,"0.4417660917519294
"
IGHV11-1,"0.4417660917519294
"
IGHV2-9-1,"0.4417660917519294
"
IGHV2-6,"0.4417660917519294
"
IGHV2-5,"0.4417660917519294
"
IGHV5-12,"0.4417660917519294
"
P01790,"0.4417660917519294
"
P01791,"0.4417660917519294
"
ELF1,"0.4417660917519294
"
SIN3A,"0.4417660917519294
"
IGHV16-1,"0.4417660917519294
"
IGHV9-2,"0.4417660917519294
"
FCNB,"0.4417660917519294
"
HSP90AA1,"0.4417660917519294
"
HRAS,"0.4417660917519294
"
IGHV3-8,"0.4417660917519294
"
P03980,"0.4417660917519294
"
SH2B2,"0.4417660917519294
"
FPR-RS7,"0.4417660917519294
"
FPR-RS6,"0.4417660917519294
"
IGHV6-7,"0.4417660917519294
"
IGHV8-9,"0.4417660917519294
"
IGHV1-59,"0.4417660917519294
"
STING1,"0.4417660917519294
"
PSEN1,"0.4417660917519294
"
C5AR2,"0.4417660917519294
"
FCRL5,"0.4417660917519294
"
C1S2,"0.4417660917519294
"
DUSP3,"0.4417660917519294
"
GM5629,"0.4417660917519294
"
SREBF1,"0.4417660917519294
"
SKINT5,"0.4417660917519294
"
IRGM1,"0.4417660917519294
"
ZCCHC3,"0.4417660917519294
"
EREG,"0.4417660917519294
"
IGHV1-31,"0.4417660917519294
"
IGHV1-39,"0.4417660917519294
"
IGHV3-6,"0.4417660917519294
"
IGHV1-66,"0.4417660917519294
"
IGHV1-61,"0.4417660917519294
"
IGHV5-6,"0.4417660917519294
"
IGHV2-6-8,"0.4417660917519294
"
IGHV5-9-1,"0.4417660917519294
"
CD38,"0.4417660917519294
"
FPR1,"0.4417660917519294
"
HC,"0.4417660917519294
"
ADAM8,"0.4417660917519294
"
KRT1,"0.4417660917519294
"
IGHV1-24,"0.4417660917519294
"
ITK,"0.4417660917519294
"
NLRC4,"0.4417660917519294
"
IGHV9-4,"0.4417660917519294
"
NMI,"0.4417660917519294
"
TBK1,"0.4417660917519294
"
IKBKE,"0.4417660917519294
"
DHX9,"0.4417660917519294
"
IGHV1-54,"0.4417660917519294
"
THEMIS2,"0.4417660917519294
"
MBL2,"0.4417660917519294
"
MBL1,"0.4417660917519294
"
LPXN,"0.4417660917519294
"
AIM2,"0.4417660917519294
"
BLNK,"0.4417660917519294
"
IGHV1-16,"0.4417660917519294
"
IGHV1-23,"0.4417660917519294
"
CFD,"0.4417660917519294
"
GPS2,"0.4417660917519294
"
ABL1,"0.4417660917519294
"
CARD11,"0.4417660917519294
"
USP46,"0.4417660917519294
"
IGHV7-1,"0.4417660917519294
"
MOG,"0.4417660917519294
"
UNC13B,"0.4417660917519294
"
MFAP4,"0.4417660917519294
"
MED1,"0.4417660917519294
"
NRAS,"0.4417660917519294
"
PRNP,"0.4417660917519294
"
IGHV14-3,"0.4417660917519294
"
PLCG2,"0.4417660917519294
"
PLCG1,"0.4417660917519294
"
PRKCH,"0.4417660917519294
"
PARP9,"0.4417660917519294
"
TNFRSF21,"0.4417660917519294
"
MNDAL,"0.4417660917519294
"
LAT2,"0.4417660917519294
"
WNK1,"0.4417660917519294
"
VTCN1,"0.4417660917519294
"
IFI205,"0.4417660917519294
"
CD79A,"0.4417660917519294
"
IGHV8-11,"0.4417660917519294
"
P01796,"0.4417660917519294
"
UBASH3A,"0.4417660917519294
"
PARK7,"0.4417660917519294
"
IGHV6-6,"0.4417660917519294
"
CARMIL2,"0.4417660917519294
"
PRKD2,"0.4417660917519294
"
TRDV4,"0.4417660917519294
"
IGHV10-3,"0.4417660917519294
"
EIF2B2,"0.4417660917519294
"
PSPC1,"0.4417660917519294
"
PLEKHA1,"0.4417660917519294
"
STOML2,"0.4417660917519294
"
MYO1G,"0.4417660917519294
"
C1RL,"0.4417660917519294
"
RGCC,"0.4417660917519294
"
RFTN1,"0.4417660917519294
"
IGHV1-12,"0.4417660917519294
"
GPR33,"0.4417660917519294
"
ERMAP,"0.4417660917519294
"
SKINT8,"0.4417660917519294
"
MMP2,"0.4417660917519294
"
MMP12,"0.4417660917519294
"
P01748,"0.4417660917519294
"
P01747,"0.4417660917519294
"
P01745,"0.4417660917519294
"
P01741,"0.4417660917519294
"
BTNL10,"0.4417660917519294
"
P18532,"0.4417660917519294
"
P18530,"0.4417660917519294
"
P18529,"0.4417660917519294
"
P18528,"0.4417660917519294
"
P18527,"0.4417660917519294
"
P18526,"0.4417660917519294
"
P18525,"0.4417660917519294
"
P18524,"0.4417660917519294
"
BTNL9,"0.4417660917519294
"
UBE2K,"0.4417660917519294
"
COLEC11,"0.4417660917519294
"
TRBC2,"0.4417660917519294
"
IGHV2-7,"0.4417660917519294
"
IGHV5-17,"0.4417660917519294
"
IGHV3-1,"0.4417660917519294
"
IGHV1-58,"0.4417660917519294
"
P06330,"0.4417660917519294
"
P06329,"0.4417660917519294
"
USP9X,"0.4417660917519294
"
IGHV7-2,"0.4417660917519294
"
IGHV2-9,"0.4417660917519294
"
IGHV1-69,"0.4417660917519294
"
IGHV1-74,"0.4417660917519294
"
IGHV1-26,"0.4417660917519294
"
IGHV1-34,"0.4417660917519294
"
IGHV1-77,"0.4417660917519294
"
GPR31B,"0.4417660917519294
"
SFPQ,"0.4417660917519294
"
IGHV1-55,"0.4417660917519294
"
IGHV1-75,"0.4417660917519294
"
IGHV1-78,"0.4417660917519294
"
IGHV1-52,"0.4417660917519294
"
IGHV1-50,"0.4417660917519294
"
IGHV1-49,"0.4417660917519294
"
IGHV13-2,"0.4417660917519294
"
IGHV1-19,"0.4417660917519294
"
IGHV1-18,"0.4417660917519294
"
IGHV1-15,"0.4417660917519294
"
IGHV1-22,"0.4417660917519294
"
CMTM3,"0.4417660917519294
"
IGHV1-62-3,"0.4417660917519294
"
IGHV11-2,"0.4417660917519294
"
IGHV15-2,"0.4417660917519294
"
NFAM1,"0.4417660917519294
"
HRG,"0.4417660917519294
"
PQBP1,"0.4417660917519294
"
BCL10,"0.4417660917519294
"
C1S1,"0.4417660917519294
"
C1RA,"0.4417660917519294
"
CD276,"0.4417660917519294
"
SKINT10,"0.4417660917519294
"
FYB2,"0.4417660917519294
"
NFATC2,"0.4417660917519294
"
BTN2A2,"0.4417660917519294
"
IGHV1-9,"0.4417660917519294
"
MGI:3648045,"0.4417660917519294
"
THEMIS3,"0.4417660917519294
"
MGI:2685746,"0.4417660917519294
"
C3AR1,"0.4417660917519294
"
P01809,"0.4417660917519294
"
ACOD1,"0.4417660917519294
"
CBLB,"0.4417660917519294
"
RAB29,"0.4417660917519294
"
THEMIS,"0.4417660917519294
"
POLR3C,"0.4417660917519294
"
MPTX2,"0.4417660917519294
"
MASP2,"0.4417660917519294
"
CYLD,"0.4417660917519294
"
SKINT11,"0.4417660917519294
"
CLEC2I,"0.4417660917519294
"
IFI214,"0.4417660917519294
"
ICOSL,"0.4417660917519294
"
ZAP70,"0.4417660917519294
"
IGHV1-62-2,"0.4417660917519294
"
PDE4B,"0.4417660917519294
"
IGLC2,"0.4417660917519294
"
IGLC1,"0.4417660917519294
"
RBCK1,"0.4417660917519294
"
IGHV1-53,"0.4417660917519294
"
IGHV1-11,"0.4417660917519294
"
CD247,"0.4417660917519294
"
CD3E,"0.4417660917519294
"
MS4A1,"0.4417660917519294
"
CD19,"0.4417660917519294
"
MILL2,"0.4417660917519294
"
C8G,"0.4417660917519294
"
C8B,"0.4417660917519294
"
CNR1,"0.4417660917519294
"
RAB34,"0.4417660917519294
"
IGHV8-2,"0.4417660917519294
"
LCP2,"0.4417660917519294
"
XRCC5,"0.4417660917519294
"
C9,"0.4417660917519294
"
RBM14,"0.4417660917519294
"
IGLL1,"0.4417660917519294
"
BTNL6,"0.4417660917519294
"
BTNL4,"0.4417660917519294
"
BTNL1,"0.4417660917519294
"
IGKC,"0.4417660917519294
"
MGI:96492,"0.4417660917519294
"
MGI:96461,"0.4417660917519294
"
IGHD,"0.4417660917519294
"
IGHA,"1.9847003893853126
"
CD79B,"0.4417660917519294
"
IFI204,"0.4417660917519294
"
IFI203,"0.4417660917519294
"
IDO1,"0.4417660917519294
"
IFNL2,"0.4417660917519294
"
IGHV9-3,"0.4417660917519294
"
P01852,"0.4417660917519294
"
P01851,"0.4417660917519294
"
P01843,"0.4417660917519294
"
P01823,"0.4417660917519294
"
P01822,"0.4417660917519294
"
P01820,"0.4417660917519294
"
P01819,"0.4417660917519294
"
P01812,"0.4417660917519294
"
P01811,"0.4417660917519294
"
P01810,"0.4417660917519294
"
P01807,"0.4417660917519294
"
P01804,"0.4417660917519294
"
P01803,"0.4417660917519294
"
P01802,"0.4417660917519294
"
P01801,"0.4417660917519294
"
P01800,"0.4417660917519294
"
IGHV1-85,"0.4417660917519294
"
IGHV8-8,"0.4417660917519294
"
GSDME,"0.4417660917519294
"
P01799,"0.4417660917519294
"
P01798,"0.4417660917519294
"
P01797,"0.4417660917519294
"
P01795,"0.4417660917519294
"
P01794,"0.4417660917519294
"
P01789,"0.4417660917519294
"
P01788,"0.4417660917519294
"
P01787,"0.4417660917519294
"
P01759,"0.4417660917519294
"
P01757,"0.4417660917519294
"
P01756,"0.4417660917519294
"
P01753,"0.4417660917519294
"
IGHG,"0.4417660917519294
"
IRGM2,"0.4417660917519294
"
FPR3,"0.4417660917519294
"
IGHV6-4,"0.4417660917519294
"
KCNN4,"0.4417660917519294
"
GM36028,"0.4417660917519294
"
CTSG,"0.4417660917519294
"
TOMM70A,"0.4417660917519294
"
CTLA4,"0.4417660917519294
"
CSK,"0.4417660917519294
"
CRP,"0.4417660917519294
"
IGLC4,"0.4417660917519294
"
PRKCB,"0.4417660917519294
"
CFP,"0.4417660917519294
"
IGHV5-4,"0.4417660917519294
"
KLHL6,"0.4417660917519294
"
BCAR1,"0.4417660917519294
"
BAG6,"0.4417660917519294
"
ZBP1,"0.4417660917519294
"
CFB,"0.4417660917519294
"
CFI,"0.4417660917519294
"
MPTX1,"0.4417660917519294
"
SPPL3,"0.4417660917519294
"
IFI209,"0.4417660917519294
"
PHPT1,"0.4417660917519294
"
IKBKG,"0.4417660917519294
"
LCK,"0.4417660917519294
"
HMGB2,"0.4417660917519294
"
HEXIM1,"0.4417660917519294
"
IGHV3-4,"0.4417660917519294
"
ENTPD7,"-0.07254534079253165
"
CDC37,"-0.07254534079253165
"
TSPAN32,"-0.07254534079253165
"
ECM1,"-0.07254534079253165
"
TARBP2,"-0.07254534079253165
"
FKBP1A,"-0.07254534079253165
"
FCRL6,"-0.07254534079253165
"
PSMA1,"-0.07254534079253165
"
MAPKBP1,"-0.07254534079253165
"
SYT11,"-0.07254534079253165
"
SMAD3,"-0.07254534079253165
"
CD200,"-0.07254534079253165
"
PPP2R3C,"0.18461037547969886
"
OAS3,"-0.07254534079253165
"
IFNA1,"-0.07254534079253165
"
CREB3,"0.18461037547969886
"
TTLL12,"-0.07254534079253165
"
TRIM21,"-0.07254534079253165
"
PIGR,"-0.07254534079253165
"
CLEC4D,"0.18461037547969886
"
YTHDF2,"-0.07254534079253165
"
CNOT7,"-0.07254534079253165
"
FCGR4,"-0.07254534079253165
"
CACTIN,"-0.07254534079253165
"
GPX2,"-0.07254534079253165
"
FGL1,"-0.07254534079253165
"
COL3A1,"-0.07254534079253165
"
ISG15,"-0.07254534079253165
"
ADAR,"-0.07254534079253165
"
SIRT2,"-0.07254534079253165
"
TRIM38,"-0.07254534079253165
"
NLRX1,"-0.07254534079253165
"
TREML4,"-0.07254534079253165
"
APOE,"-0.07254534079253165
"
STAT2,"-0.07254534079253165
"
STAT1,"-0.07254534079253165
"
OSCAR,"-0.07254534079253165
"
CCL5,"0.18461037547969886
"
IFNLR1,"-0.07254534079253165
"
PML,"-0.07254534079253165
"
INPP5D,"0.18461037547969886
"
SOCS1,"0.18461037547969886
"
CTSH,"-0.07254534079253165
"
DCST1,"-0.07254534079253165
"
NPLOC4,"-0.07254534079253165
"
ZC3HAV1,"-0.07254534079253165
"
NLRC3,"-0.07254534079253165
"
SELENOK,"0.18461037547969886
"
MUL1,"-0.07254534079253165
"
GATA6,"-0.07254534079253165
"
SPNS2,"-0.07254534079253165
"
MYO1F,"-0.07254534079253165
"
CASP8,"0.18461037547969886
"
RNF135,"-0.07254534079253165
"
PLA2G2D,"-0.07254534079253165
"
ZMPSTE24,"-0.07254534079253165
"
DNAJA3,"0.18461037547969886
"
PPARG,"-0.07254534079253165
"
ADCYAP1,"-0.07254534079253165
"
APOBEC3,"-0.07254534079253165
"
USP15,"-0.07254534079253165
"
PPM1B,"-0.07254534079253165
"
PCBP2,"-0.07254534079253165
"
NPY5R,"-0.07254534079253165
"
TRAF3,"-0.07254534079253165
"
DNASE2A,"-0.07254534079253165
"
NLRP6,"-0.07254534079253165
"
SPPL2A,"-0.07254534079253165
"
DTX3L,"-0.07254534079253165
"
SAC3D1,"-0.07254534079253165
"
CLEC4E,"-0.07254534079253165
"
SERPINB1A,"-0.07254534079253165
"
FCRLB,"-0.07254534079253165
"
LYAR,"-0.07254534079253165
"
TRAFD1,"-0.07254534079253165
"
GBP4,"-0.07254534079253165
"
ERCC6,"-0.07254534079253165
"
GPATCH3,"-0.07254534079253165
"
PIANP,"-0.07254534079253165
"
TYRO3,"-0.07254534079253165
"
YTHDF3,"-0.07254534079253165
"
BTLA,"-0.07254534079253165
"
SEC14L1,"-0.07254534079253165
"
RNF26,"-0.07254534079253165
"
SELENOS,"-0.07254534079253165
"
TRAF3IP1,"-0.07254534079253165
"
OLFM4,"-0.07254534079253165
"
PHF11A,"-0.07254534079253165
"
ZDHHC11,"-0.07254534079253165
"
TKFC,"-0.07254534079253165
"
N4BP1,"-0.07254534079253165
"
TRIM44,"-0.07254534079253165
"
ZDHHC1,"-0.07254534079253165
"
ARG2,"-0.07254534079253165
"
OTOP1,"-0.07254534079253165
"
GPR17,"-0.07254534079253165
"
TRAF3IP2,"-0.07254534079253165
"
ITCH,"0.18461037547969886
"
HCST,"-0.07254534079253165
"
RNF216,"-0.07254534079253165
"
CD8B1,"-0.07254534079253165
"
CCR1,"0.18461037547969886
"
HTRA1,"-0.07254534079253165
"
PSMB4,"-0.07254534079253165
"
GPR108,"-0.07254534079253165
"
UFD1,"-0.07254534079253165
"
SPPL2B,"-0.07254534079253165
"
METTL3,"-0.07254534079253165
"
SMPDL3B,"-0.07254534079253165
"
WASHC1,"-0.07254534079253165
"
TSPAN6,"-0.07254534079253165
"
ILRUN,"-0.07254534079253165
"
LRP8,"-0.07254534079253165
"
ELMOD2,"-0.07254534079253165
"
PARP14,"-0.07254534079253165
"
SAMHD1,"-0.07254534079253165
"
FAM3A,"-0.07254534079253165
"
PTPRD,"-0.07254534079253165
"
CLEC12A,"-0.07254534079253165
"
USP18,"-0.07254534079253165
"
GPX1,"-0.07254534079253165
"
PDCD1,"-0.07254534079253165
"
CTSC,"-0.07254534079253165
"
ADAM10,"-0.32970105706476216
"
EPO,"-0.32970105706476216
"
SELL,"-0.32970105706476216
"
SELP,"-0.32970105706476216
"
PLVAP,"-0.32970105706476216
"
SOX4,"-0.32970105706476216
"
SPTA1,"-0.32970105706476216
"
MIA3,"-0.32970105706476216
"
EDN3,"-0.32970105706476216
"
EDN2,"-0.32970105706476216
"
SLC9B2,"-0.32970105706476216
"
FOS,"-0.32970105706476216
"
FLT3L,"-0.32970105706476216
"
BLOC1S3,"-0.32970105706476216
"
TRIB1,"-0.32970105706476216
"
H2-AA,"-0.07254534079253165
"
CD300LB,"-0.32970105706476216
"
ASXL2,"-0.32970105706476216
"
LRRK2,"-0.32970105706476216
"
CCDC88B,"-0.07254534079253165
"
MED23,"-0.32970105706476216
"
PTK2,"-0.07254534079253165
"
TACR1,"-0.32970105706476216
"
TAC1,"-0.07254534079253165
"
BMI1,"-0.07254534079253165
"
EDN1,"-0.32970105706476216
"
BDKRB1,"-0.32970105706476216
"
SLC7A1,"-0.32970105706476216
"
SOX13,"-0.32970105706476216
"
SOX12,"-0.32970105706476216
"
MIR223,"-0.32970105706476216
"
POU4F2,"-0.32970105706476216
"
ITPKB,"-0.32970105706476216
"
ZFP609,"-0.32970105706476216
"
ICOS,"-0.32970105706476216
"
EFNB3,"-0.32970105706476216
"
GPAM,"-0.07254534079253165
"
VEGFC,"-0.32970105706476216
"
DLK1,"-0.32970105706476216
"
SWAP70,"-0.07254534079253165
"
WNT3A,"-0.32970105706476216
"
TRP53,"-0.07254534079253165
"
PF4,"-0.07254534079253165
"
FLOT2,"-0.32970105706476216
"
AP3B1,"-0.32970105706476216
"
NKAP,"-0.32970105706476216
"
CCR6,"-0.07254534079253165
"
VCAM1,"-0.32970105706476216
"
MCU,"-0.32970105706476216
"
MAPK3,"-0.32970105706476216
"
BAD,"-0.32970105706476216
"
CAV1,"-0.32970105706476216
"
EFNB1,"-0.32970105706476216
"
RUNX3,"-0.32970105706476216
"
THBS1,"-0.32970105706476216
"
TGFBR2,"-0.32970105706476216
"
MOSPD2,"-0.32970105706476216
"
CREB1,"-0.32970105706476216
"
CD209E,"-0.32970105706476216
"
VEGFB,"-0.32970105706476216
"
TIMD2,"-0.32970105706476216
"
HAVCR1,"-0.32970105706476216
"
TSLP,"-0.07254534079253165
"
CCL27A,"-0.32970105706476216
"
CFTR,"-0.32970105706476216
"
NCK2,"-0.32970105706476216
"
SH3KBP1,"-0.32970105706476216
"
CRLF2,"-0.07254534079253165
"
PELI1,"-0.32970105706476216
"
GLI3,"-0.32970105706476216
"
KLF10,"-0.32970105706476216
"
RHOA,"-0.32970105706476216
"
GNAS,"-0.32970105706476216
"
OXSR1,"-0.32970105706476216
"
CXCL17,"-0.32970105706476216
"
ATP6AP1,"-0.32970105706476216
"
NCK1,"-0.32970105706476216
"
HAX1,"-0.32970105706476216
"
THBS4,"-0.32970105706476216
"
APP,"-0.07254534079253165
"
SELE,"-0.32970105706476216
"
CCL4,"-0.07254534079253165
"
CCL3,"-0.07254534079253165
"
CCL1,"-0.07254534079253165
"
AIF1,"-0.32970105706476216
"
BLM,"-0.32970105706476216
"
CD83,"-0.32970105706476216
"
EPHB4,"-0.32970105706476216
"
GM12169,"-0.32970105706476216
"
PDGFD,"-0.32970105706476216
"
CD320,"-0.32970105706476216
"
IL15RA,"-0.32970105706476216
"
RUNX1,"-0.32970105706476216
"
CBFB,"-0.32970105706476216
"
CLEC4B2,"-0.32970105706476216
"
ZFP335,"-0.32970105706476216
"
ID2,"-0.32970105706476216
"
ICAM1,"-0.07254534079253165
"
TMEM64,"-0.32970105706476216
"
TTBK1,"-0.32970105706476216
"
HPS1,"-0.32970105706476216
"
RASAL3,"-0.32970105706476216
"
PLA2G7,"-0.32970105706476216
"
HSF1,"-0.32970105706476216
"
AQP3,"-0.32970105706476216
"
GM9733,"-0.32970105706476216
"
TNFSF14,"-0.07254534079253165
"
PCID2,"-0.32970105706476216
"
CD99L2,"-0.32970105706476216
"
CTNNBIP1,"-0.32970105706476216
"
LYST,"-0.07254534079253165
"
AP3D1,"-0.32970105706476216
"
AKIRIN1,"-0.32970105706476216
"
PIK3CB,"-0.32970105706476216
"
JUND,"-0.32970105706476216
"
JUN,"-0.32970105706476216
"
ITGB3,"-0.32970105706476216
"
ITGAL,"-0.07254534079253165
"
ITGA4,"-0.32970105706476216
"
ITGA2B,"-0.32970105706476216
"
ITGA2,"-0.32970105706476216
"
MPL,"-0.32970105706476216
"
DPPA1,"-0.32970105706476216
"
TAFA3,"-0.32970105706476216
"
IL7,"-0.07254534079253165
"
IL6ST,"-0.32970105706476216
"
IL3,"-0.07254534079253165
"
IL2RG,"-0.32970105706476216
"
IL2RA,"-0.07254534079253165
"
ZBTB46,"-0.32970105706476216
"
MMP8,"-0.32970105706476216
"
P2RX4,"-0.32970105706476216
"
LGALS8,"-0.07254534079253165
"
PTK2B,"-0.07254534079253165
"
PIK3CD,"-0.07254534079253165
"
RIPOR2,"-0.32970105706476216
"
SIRPB1A,"-0.32970105706476216
"
KITL,"-0.32970105706476216
"
MDK,"-0.07254534079253165
"
PTGER4,"-0.07254534079253165
"
IL20,"-0.32970105706476216
"
ADK,"-0.32970105706476216
"
CHRNB2,"-0.32970105706476216
"
CXCL10,"-0.07254534079253165
"
NOTCH2,"-0.07254534079253165
"
PTGER3,"-0.32970105706476216
"
IKZF1,"-0.32970105706476216
"
DCSTAMP,"-0.32970105706476216
"
SERPINE1,"-0.07254534079253165
"
CCL21A,"-0.07254534079253165
"
EFNB2,"-0.32970105706476216
"
PGF,"-0.32970105706476216
"
HSPH1,"-0.32970105706476216
"
MMP14,"-0.32970105706476216
"
ZFP580,"-0.32970105706476216
"
DEFB25,"-0.07254534079253165
"
BC053393,"-0.32970105706476216
"
SIRPB1B,"-0.32970105706476216
"
SIRPA,"-0.07254534079253165
"
TOX,"-0.32970105706476216
"
TNFSF11,"-0.07254534079253165
"
DHPS,"-0.32970105706476216
"
CD80,"-0.07254534079253165
"
NINJ1,"-0.32970105706476216
"
CCL12,"-0.07254534079253165
"
RIPK1,"-0.32970105706476216
"
GPR68,"-0.32970105706476216
"
MYD88,"-0.07254534079253165
"
IL1RL2,"-0.07254534079253165
"
CCL20,"-0.07254534079253165
"
HAMP,"-0.07254534079253165
"
BST1,"-0.32970105706476216
"
CXCR2,"-0.07254534079253165
"
RB1,"-0.32970105706476216
"
TEX101,"-0.32970105706476216
"
IL16,"-0.32970105706476216
"
CAMK1D,"-0.32970105706476216
"
TESC,"-0.32970105706476216
"
CD99,"-0.32970105706476216
"
FGF10,"-0.32970105706476216
"
GSK3B,"-0.32970105706476216
"
CLEC7A,"-0.32970105706476216
"
GPR183,"-0.07254534079253165
"
IL34,"-0.07254534079253165
"
BLOC1S6,"-0.32970105706476216
"
CXCL13,"-0.07254534079253165
"
S100A14,"-0.32970105706476216
"
SIRPB1C,"-0.32970105706476216
"
JAM3,"-0.07254534079253165
"
JAM2,"-0.32970105706476216
"
MMP9,"-0.32970105706476216
"
LIF,"-0.07254534079253165
"
TNIP2,"-0.32970105706476216
"
STK39,"-0.32970105706476216
"
PDCD1LG2,"-0.07254534079253165
"
SART1,"-0.32970105706476216
"
RARRES2,"-0.07254534079253165
"
CEBPA,"-0.32970105706476216
"
TNFRSF18,"-0.32970105706476216
"
CCL24,"-0.07254534079253165
"
ZMIZ1,"-0.32970105706476216
"
CD6,"-0.07254534079253165
"
CXCL12,"-0.07254534079253165
"
DOCK8,"-0.32970105706476216
"
GPSM3,"-0.32970105706476216
"
ROR2,"-0.32970105706476216
"
DNM1L,"-0.32970105706476216
"
ATP11C,"-0.32970105706476216
"
CX3CL1,"-0.07254534079253165
"
RHOH,"-0.32970105706476216
"
CD101,"-0.32970105706476216
"
OCSTAMP,"-0.32970105706476216
"
GM5150,"-0.32970105706476216
"
KLRH1,"-0.32970105706476216
"
ZBTB16,"-0.32970105706476216
"
AXL,"-0.07254534079253165
"
MSTN,"-0.32970105706476216
"
GAS6,"-0.07254534079253165
"
P2RY12,"-0.32970105706476216
"
LGMN,"-0.32970105706476216
"
TMEM102,"-0.32970105706476216
"
SHH,"-0.32970105706476216
"
PRDM1,"-0.07254534079253165
"
CD5,"-0.32970105706476216
"
TCF3,"-0.32970105706476216
"
AOC3,"-0.32970105706476216
"
EGR3,"-0.32970105706476216
"
CAR2,"-0.32970105706476216
"
CALR,"-0.32970105706476216
"
CCR1L1,"-0.07254534079253165
"
HCLS1,"-0.32970105706476216
"
CDKN1A,"-0.32970105706476216
"
PPARGC1B,"-0.32970105706476216
"
EVI2B,"-0.32970105706476216
"
NOD1,"-0.07254534079253165
"
IL1A,"-0.07254534079253165
"
IHH,"-0.32970105706476216
"
CORO1A,"-0.07254534079253165
"
IGFBP2,"-0.32970105706476216
"
IGF1,"-0.32970105706476216
"
DAPK2,"-0.32970105706476216
"
TLR6,"-0.07254534079253165
"
SLC4A1,"-0.32970105706476216
"
TNFSF9,"-0.07254534079253165
"
IRS2,"-0.32970105706476216
"
F7,"-0.32970105706476216
"
ANO6,"-0.32970105706476216
"
EPHB6,"-0.07254534079253165
"
ADAM17,"-0.07254534079253165
"
VEGFA,"-0.07254534079253165
"
VNN1,"-0.07254534079253165
"
IL36B,"-0.07254534079253165
"
PRSS56,"-0.32970105706476216
"
TRPV4,"-0.32970105706476216
"
PRKCA,"-0.32970105706476216
"
PECAM1,"-0.32970105706476216
"
GFI1B,"-0.32970105706476216
"
VEGFD,"-0.32970105706476216
"
MADCAM1,"-0.32970105706476216
"
CXCL14,"-0.07254534079253165
"
EDNRA,"-0.32970105706476216
"
CSF1R,"-0.07254534079253165
"
CSF1,"-0.07254534079253165
"
RAG1,"-0.07254534079253165
"
RAC1,"-0.32970105706476216
"
PTN,"-0.32970105706476216
"
DYSF,"-0.07254534079253165
"
HCAR2,"-0.32970105706476216
"
HES1,"-0.32970105706476216
"
LGALS1,"-0.07254534079253165
"
LEF1,"-0.07254534079253165
"
POU4F1,"-0.32970105706476216
"
ZFP36L1,"-0.32970105706476216
"
LMO1,"-0.5868567733369927
"
ACVR2A,"-0.5868567733369927
"
ETS1,"-0.5868567733369927
"
BPI,"-0.32970105706476216
"
ZC3H12D,"-0.5868567733369927
"
ERBB2,"-0.5868567733369927
"
RNF41,"-0.5868567733369927
"
CNOT4,"-0.5868567733369927
"
SOS2,"-0.5868567733369927
"
PAG1,"-0.32970105706476216
"
GABPA,"-0.5868567733369927
"
STAT3,"-0.32970105706476216
"
FUT4,"-0.5868567733369927
"
FSHR,"-0.5868567733369927
"
FSHB,"-0.5868567733369927
"
FLT3,"-0.5868567733369927
"
FGFR3,"-0.5868567733369927
"
LRCH1,"-0.5868567733369927
"
MARCHF7,"-0.5868567733369927
"
SLC7A11,"-0.5868567733369927
"
GPR55,"-0.5868567733369927
"
SLIT2,"-0.5868567733369927
"
LEO1,"-0.5868567733369927
"
ZFP36,"-0.5868567733369927
"
PILRB1,"-0.5868567733369927
"
CD300LF,"-0.5868567733369927
"
CCL28,"-0.32970105706476216
"
ZFP608,"-0.5868567733369927
"
PTPRE,"-0.5868567733369927
"
TJP2,"-0.5868567733369927
"
CYP26B1,"-0.5868567733369927
"
YTHDF1,"-0.5868567733369927
"
ADGRF5,"-0.5868567733369927
"
SCRIB,"-0.5868567733369927
"
PRDM16,"-0.5868567733369927
"
TAL1,"-0.5868567733369927
"
BMP4,"-0.5868567733369927
"
SETD1A,"-0.5868567733369927
"
PJA2,"-0.32970105706476216
"
PRXL2A,"-0.5868567733369927
"
SOX9,"-0.5868567733369927
"
SOX11,"-0.5868567733369927
"
SOS1,"-0.5868567733369927
"
THOC5,"-0.5868567733369927
"
CCN3,"-0.5868567733369927
"
STK10,"-0.5868567733369927
"
DDT,"-0.5868567733369927
"
CD200R1,"-0.5868567733369927
"
CST7,"-0.32970105706476216
"
RCOR1,"-0.5868567733369927
"
FAS,"-0.32970105706476216
"
FBN1,"-0.5868567733369927
"
SPHK1,"-0.5868567733369927
"
TIGIT,"-0.5868567733369927
"
SIT1,"-0.32970105706476216
"
NRARP,"-0.5868567733369927
"
ADTRP,"-0.5868567733369927
"
ADIPOQ,"-0.5868567733369927
"
GPNMB,"-0.5868567733369927
"
FAM210B,"-0.5868567733369927
"
LMO2,"-0.5868567733369927
"
PRMT1,"-0.5868567733369927
"
SCGB1A1,"-0.5868567733369927
"
SFTPD,"-0.32970105706476216
"
ESRRA,"-0.5868567733369927
"
SVA,"-0.5868567733369927
"
PRDX2,"-0.5868567733369927
"
TNFAIP8L2,"-0.32970105706476216
"
FBXO7,"-0.5868567733369927
"
PIP,"-0.5868567733369927
"
DCAF15,"-0.5868567733369927
"
IL17D,"-0.5868567733369927
"
CEBPB,"-0.32970105706476216
"
DROSHA,"-0.32970105706476216
"
NR1H3,"-0.5868567733369927
"
CSF3,"-0.32970105706476216
"
BCL6B,"-0.32970105706476216
"
HIF1A,"-0.5868567733369927
"
CDC73,"-0.5868567733369927
"
TAPBPL,"-0.5868567733369927
"
CUL4A,"-0.5868567733369927
"
GGT1,"-0.5868567733369927
"
GNRH1,"-0.5868567733369927
"
FOXN1,"-0.5868567733369927
"
KAT7,"-0.5868567733369927
"
KAT2A,"-0.5868567733369927
"
APOD,"-0.5868567733369927
"
APC,"-0.5868567733369927
"
SH3RF1,"-0.5868567733369927
"
LGALS7,"-0.5868567733369927
"
NFKBIA,"-0.5868567733369927
"
CDKN2A,"-0.5868567733369927
"
MEIS1,"-0.5868567733369927
"
SLAMF7,"-0.32970105706476216
"
ADRM1,"-0.5868567733369927
"
CLDN18,"-0.5868567733369927
"
TWIST2,"-0.5868567733369927
"
RORA,"-0.32970105706476216
"
DLL1,"-0.32970105706476216
"
CNR2,"-0.5868567733369927
"
KLF13,"-0.5868567733369927
"
SLC7A2,"-0.5868567733369927
"
TMEM131L,"-0.5868567733369927
"
DLG1,"-0.32970105706476216
"
ATM,"-0.5868567733369927
"
SOCS6,"-0.5868567733369927
"
NF1,"-0.5868567733369927
"
CARTPT,"-0.5868567733369927
"
HSPA9,"-0.5868567733369927
"
HSPB1,"-0.5868567733369927
"
MIR150,"-0.5868567733369927
"
MIR125A,"-0.5868567733369927
"
MUC5B,"-0.32970105706476216
"
TMEM178,"-0.5868567733369927
"
SLC8B1,"-0.5868567733369927
"
DICER1,"-0.32970105706476216
"
RBM15,"-0.5868567733369927
"
MST1,"-0.5868567733369927
"
HBB-B2,"-0.5868567733369927
"
TSC22D3,"-0.5868567733369927
"
MTURN,"-0.5868567733369927
"
GPR18,"-0.5868567733369927
"
RIN3,"-0.5868567733369927
"
CASP3,"-0.5868567733369927
"
HMGB3,"-0.32970105706476216
"
MYSM1,"-0.5868567733369927
"
INHBA,"-0.5868567733369927
"
PADI2,"-0.5868567733369927
"
AIRE,"-0.32970105706476216
"
MFHAS1,"-0.32970105706476216
"
FANCA,"-0.5868567733369927
"
CD209A,"-0.5868567733369927
"
MERTK,"-0.5868567733369927
"
LOX,"-0.5868567733369927
"
GPR137,"-0.5868567733369927
"
RHBDD3,"-0.5868567733369927
"
AKT1,"-0.5868567733369927
"
H4C18,"-0.5868567733369927
"
PLA2G2F,"-0.32970105706476216
"
ORM2,"-0.5868567733369927
"
ORM1,"-0.5868567733369927
"
LAT,"-0.32970105706476216
"
WDR61,"-0.5868567733369927
"
NME2,"-0.5868567733369927
"
NME1,"-0.5868567733369927
"
IKZF3,"-0.5868567733369927
"
DTX1,"-0.5868567733369927
"
DUSP1,"-0.5868567733369927
"
PLCB1,"-0.5868567733369927
"
CCL21B,"-0.32970105706476216
"
SDC4,"-0.5868567733369927
"
SVAL2,"-0.5868567733369927
"
ZNHIT1,"-0.5868567733369927
"
MAFB,"-0.5868567733369927
"
RASSF2,"-0.5868567733369927
"
SFRP1,"-0.5868567733369927
"
THPO,"-0.5868567733369927
"
MEIS2,"-0.5868567733369927
"
EMILIN1,"-0.5868567733369927
"
GAS2L1,"-0.5868567733369927
"
LRFN5,"-0.5868567733369927
"
FUT9,"-0.5868567733369927
"
FANCD2,"-0.5868567733369927
"
H4C17,"-0.5868567733369927
"
H4C12,"-0.5868567733369927
"
H4C11,"-0.5868567733369927
"
H4C9,"-0.5868567733369927
"
H4C6,"-0.5868567733369927
"
H4C4,"-0.5868567733369927
"
H4C3,"-0.5868567733369927
"
H4C2,"-0.5868567733369927
"
H4C1,"-0.5868567733369927
"
LRRC32,"-0.5868567733369927
"
PIAS3,"-0.5868567733369927
"
INPP4B,"-0.5868567733369927
"
SMAP1,"-0.5868567733369927
"
ST3GAL4,"-0.5868567733369927
"
PHLPP1,"-0.5868567733369927
"
GPR137B,"-0.5868567733369927
"
RBP1,"-0.5868567733369927
"
RARG,"-0.5868567733369927
"
RAB7B,"-0.32970105706476216
"
TARM1,"-0.32970105706476216
"
MAPK14,"-0.5868567733369927
"
BANK1,"-0.5868567733369927
"
PRELID1,"-0.5868567733369927
"
PAF1,"-0.5868567733369927
"
GPR171,"-0.5868567733369927
"
SCIN,"-0.5868567733369927
"
SMPD3,"-0.5868567733369927
"
CXCR3,"-0.32970105706476216
"
RBFOX2,"-0.5868567733369927
"
PITHD1,"-0.5868567733369927
"
SLC46A2,"-0.5868567733369927
"
TFF2,"-0.5868567733369927
"
CDK6,"-0.5868567733369927
"
SNCA,"-0.32970105706476216
"
TMEM176A,"-0.5868567733369927
"
CCL25,"-0.32970105706476216
"
SENP1,"-0.5868567733369927
"
MSN,"-0.5868567733369927
"
GLMN,"-0.5868567733369927
"
TNFRSF13B,"-0.32970105706476216
"
TMEM176B,"-0.5868567733369927
"
TCIM,"-0.32970105706476216
"
H4C8,"-0.5868567733369927
"
H4F16,"-0.5868567733369927
"
ZC3H8,"-0.5868567733369927
"
MAPK8IP1,"-0.5868567733369927
"
LDB1,"-0.5868567733369927
"
ADORA2A,"-0.5868567733369927
"
ADORA1,"-0.5868567733369927
"
TCTA,"-0.5868567733369927
"
SVAL1,"-0.5868567733369927
"
PLA2G10,"-0.32970105706476216
"
EIF6,"-0.5868567733369927
"
KDM1A,"-0.5868567733369927
"
H2-OB,"-0.5868567733369927
"
H2-OA,"-0.5868567733369927
"
DLG5,"-0.5868567733369927
"
SVAL3,"-0.5868567733369927
"
SHPK,"-0.5868567733369927
"
MILR1,"-0.32970105706476216
"
MMP28,"-0.5868567733369927
"
ZBTB7A,"-0.5868567733369927
"
LRRC17,"-0.5868567733369927
"
PIBF1,"-0.5868567733369927
"
GATA1,"-0.5868567733369927
"
GAL,"-0.5868567733369927
"
P4HTM,"-0.5868567733369927
"
MTOR,"-0.32970105706476216
"
RHOG,"-0.5868567733369927
"
CLEC2G,"-0.5868567733369927
"
ATG7,"-0.32970105706476216
"
CIB1,"-0.5868567733369927
"
FBXW7,"-0.5868567733369927
"
GREM1,"-0.5868567733369927
"
ZEB1,"-0.5868567733369927
"
CD9,"-0.5868567733369927
"
CD68,"-0.32970105706476216
"
MTUS1,"-0.5868567733369927
"
TFE3,"-0.32970105706476216
"
TCF7,"-0.5868567733369927
"
CTNNB1,"-0.5868567733369927
"
CAPN1,"-0.5868567733369927
"
NBL1,"-0.5868567733369927
"
MITF,"-0.5868567733369927
"
TWSG1,"-0.5868567733369927
"
MAD1L1,"-0.5868567733369927
"
FOXO3,"-0.5868567733369927
"
SLFN1,"-0.5868567733369927
"
NR1D1,"-0.5868567733369927
"
ANKRD54,"-0.5868567733369927
"
CTR9,"-0.5868567733369927
"
CLPTM1,"-0.5868567733369927
"
UBASH3B,"-0.5868567733369927
"
DUXBL1,"-0.5868567733369927
"
JAG1,"-0.32970105706476216
"
ZFPM1,"-0.5868567733369927
"
BRD1,"-0.5868567733369927
"
GPER1,"-0.32970105706476216
"
CYP19A1,"-0.5868567733369927
"
CTLA2A,"-0.5868567733369927
"
MYC,"-0.5868567733369927
"
TBC1D10C,"-0.5868567733369927
"
PDE5A,"-0.5868567733369927
"
ABCB10,"-0.5868567733369927
"
ACVR1B,"-0.5868567733369927
"
L3MBTL1,"-0.5868567733369927
"
MPP1,"-0.5868567733369927
"
TOB2,"-0.5868567733369927
"
CSF3R,"-0.5868567733369927
"
PRKAR1A,"-0.5868567733369927
"
RORC,"-0.32970105706476216
"
SIAE,"-0.5868567733369927
"
FSTL3,"-0.5868567733369927
"
LDLR,"-0.5868567733369927
"
HOXB8,"-0.5868567733369927
"
HOXA9,"-0.5868567733369927
"
HOXA7,"-0.5868567733369927
"
HOXA5,"-0.5868567733369927
"
H4C14,"-0.5868567733369927
"
PIK3R1,"-0.5868567733369927
"
ZFP36L2,"-0.5868567733369927
"
LYG2,"-0.5868567733369927
"
DEFB9,"-0.5868567733369927
"
DEFB11,"-0.5868567733369927
"
BDKRB2,"-0.5868567733369927
"
CXCR4,"-0.5868567733369927
"
ACKR3,"-0.5868567733369927
"
IL36G,"-0.5868567733369927
"
PPBP,"-0.5868567733369927
"
ERCC1,"-0.5868567733369927
"
PLA2G6,"-0.5868567733369927
"
BATF,"-0.5868567733369927
"
OASL1,"-0.5868567733369927
"
GSDMC2,"-0.5868567733369927
"
DEFA40,"-0.5868567733369927
"
TRIM12C,"-0.5868567733369927
"
TLR7,"-0.5868567733369927
"
RNF39,"-0.5868567733369927
"
PDE12,"-0.5868567733369927
"
TLR11,"-0.5868567733369927
"
TLR12,"-0.5868567733369927
"
TLR13,"-0.5868567733369927
"
GM13276,"-0.5868567733369927
"
GM13275,"-0.5868567733369927
"
GM13287,"-0.5868567733369927
"
GM13271,"-0.5868567733369927
"
SRC,"-0.5868567733369927
"
BC051665,"-0.5868567733369927
"
IGKV10-94,"-0.5868567733369927
"
PELI3,"-0.5868567733369927
"
DOCK10,"-0.5868567733369927
"
IL36RN,"-0.5868567733369927
"
IL36A,"-0.5868567733369927
"
UNC93B1,"-0.5868567733369927
"
DDX3X,"-0.5868567733369927
"
TAC4,"-0.5868567733369927
"
FV1,"-0.5868567733369927
"
FGG,"-0.5868567733369927
"
TRIM30D,"-0.5868567733369927
"
TUSC2,"-0.5868567733369927
"
TRIM30C,"-0.5868567733369927
"
TRIM30B,"-0.5868567733369927
"
BCAP31,"-0.5868567733369927
"
IRF5,"-0.5868567733369927
"
GSN,"-0.5868567733369927
"
PRG2,"-0.5868567733369927
"
IGKV4-57,"-0.5868567733369927
"
RELB,"-0.5868567733369927
"
EOMES,"-0.5868567733369927
"
CXADR,"-0.5868567733369927
"
YES1,"-0.5868567733369927
"
USP14,"-0.5868567733369927
"
ISG20,"-0.5868567733369927
"
IGKV4-90,"-0.5868567733369927
"
IGKV14-111,"-0.5868567733369927
"
WFDC10,"-0.5868567733369927
"
PIRB,"-0.5868567733369927
"
IGKV4-58,"-0.5868567733369927
"
CRACR2A,"-0.5868567733369927
"
IGKV4-50,"-0.5868567733369927
"
CTSR,"-0.5868567733369927
"
ACTR2,"-0.5868567733369927
"
TREM1,"-0.5868567733369927
"
TLR5,"-0.5868567733369927
"
KIF5B,"-0.5868567733369927
"
CYP27B1,"-0.5868567733369927
"
ORAI1,"-0.5868567733369927
"
PPP1R14B,"-0.5868567733369927
"
DEFB42,"-0.5868567733369927
"
IFNA2,"-0.5868567733369927
"
IFNA4,"-0.5868567733369927
"
IFNA5,"-0.5868567733369927
"
IFNA6,"-0.5868567733369927
"
IFNA7,"-0.5868567733369927
"
IGKV12-44,"-0.5868567733369927
"
IGKV12-41,"-0.5868567733369927
"
TRAV6-4,"-0.5868567733369927
"
IGKV1-122,"-0.5868567733369927
"
TRAV6-7-DV9,"-0.5868567733369927
"
TRAV16,"-0.5868567733369927
"
IL17RA,"-0.5868567733369927
"
AQP4,"-0.5868567733369927
"
IGKV7-33,"-0.5868567733369927
"
TRIM59,"-0.5868567733369927
"
NCBP3,"-0.5868567733369927
"
TRIM35,"-0.5868567733369927
"
RNF168,"-0.5868567733369927
"
CTSLL3,"-0.5868567733369927
"
LYPD8,"-0.5868567733369927
"
TIFA,"-0.5868567733369927
"
H60C,"-0.5868567733369927
"
1810058I24RIK,"-0.5868567733369927
"
WFDC2,"-0.5868567733369927
"
DEFB22,"-0.5868567733369927
"
RNF125,"-0.5868567733369927
"
LIG4,"-0.5868567733369927
"
PI4K2A,"-0.5868567733369927
"
IGKV2-109,"-0.5868567733369927
"
TRAV6N-6,"-0.5868567733369927
"
DEFA22,"-0.5868567733369927
"
BMP6,"-0.5868567733369927
"
BCL3,"-0.5868567733369927
"
BCL2L1,"-0.5868567733369927
"
TAGAP,"-0.5868567733369927
"
GBP10,"-0.5868567733369927
"
IL17RC,"-0.5868567733369927
"
SHMT2,"-0.5868567733369927
"
CCR10,"-0.5868567733369927
"
DEFA27,"-0.5868567733369927
"
FAU,"-0.5868567733369927
"
GZMB,"-0.5868567733369927
"
DEFA-RS10,"-0.5868567733369927
"
DEFA-RS12,"-0.5868567733369927
"
DEFA31,"-0.5868567733369927
"
IFNA11,"-0.5868567733369927
"
VAMP4,"-0.5868567733369927
"
GM13283,"-0.5868567733369927
"
MARCO,"-0.5868567733369927
"
CD70,"-0.5868567733369927
"
EAR14,"-0.5868567733369927
"
NCR1,"-0.5868567733369927
"
DEFB1,"-0.5868567733369927
"
CLEC4A2,"-0.5868567733369927
"
CXCR6,"-0.5868567733369927
"
PPP1R14BL,"-0.5868567733369927
"
GSDMC3,"-0.5868567733369927
"
WAP,"-0.5868567733369927
"
VTN,"-0.5868567733369927
"
ATG16L1,"-0.5868567733369927
"
VIP,"-0.5868567733369927
"
VIM,"-0.5868567733369927
"
SLFN8,"-0.5868567733369927
"
NAIP2,"-0.5868567733369927
"
NAIP1,"-0.5868567733369927
"
NAIP6,"-0.5868567733369927
"
NAIP5,"-0.5868567733369927
"
OAS1C,"-0.5868567733369927
"
WFDC17,"-0.5868567733369927
"
OTULIN,"-0.5868567733369927
"
GFUS,"-0.5868567733369927
"
GBP8,"-0.5868567733369927
"
TNFRSF17,"-0.5868567733369927
"
FLNB,"-0.5868567733369927
"
H60B,"-0.5868567733369927
"
IPO7,"-0.5868567733369927
"
MGI:3642338,"-0.5868567733369927
"
VPS26B,"-0.5868567733369927
"
RPS6,"-0.5868567733369927
"
FCAMR,"-0.5868567733369927
"
GM21970,"-0.5868567733369927
"
IGKV4-91,"-0.5868567733369927
"
IGKV4-53,"-0.5868567733369927
"
IGKV8-28,"-0.5868567733369927
"
TFEB,"-0.5868567733369927
"
GBP9,"-0.5868567733369927
"
TRIM68,"-0.5868567733369927
"
RPL30,"-0.5868567733369927
"
IGKV5-43,"-0.5868567733369927
"
DEFB8,"-0.5868567733369927
"
WFDC6A,"-0.5868567733369927
"
DEFA25,"-0.5868567733369927
"
TRAV6D-7,"-0.5868567733369927
"
RFPL4B,"-0.5868567733369927
"
HERC6,"-0.5868567733369927
"
BPIFA5,"-0.5868567733369927
"
GP2,"-0.5868567733369927
"
ADAM15,"-0.5868567733369927
"
ROMO1,"-0.5868567733369927
"
IL18BP,"-0.5868567733369927
"
GM17472,"-0.5868567733369927
"
NLRP9C,"-0.5868567733369927
"
ALPK1,"-0.5868567733369927
"
DDX17,"-0.5868567733369927
"
XRCC4,"-0.5868567733369927
"
PLD3,"-0.5868567733369927
"
POLR3K,"-0.5868567733369927
"
MPEG1,"-0.5868567733369927
"
RNF187,"-0.5868567733369927
"
ARMC5,"-0.5868567733369927
"
MSH6,"-0.5868567733369927
"
VPREB1,"-0.5868567733369927
"
VPREB2,"-0.5868567733369927
"
IGKV4-54,"-0.5868567733369927
"
MYO1C,"-0.5868567733369927
"
SPAG11A,"-0.5868567733369927
"
CHID1,"-0.5868567733369927
"
TRIM61,"-0.5868567733369927
"
TRIM60,"-0.5868567733369927
"
TRAV12N-2,"-0.5868567733369927
"
MAP4K2,"-0.5868567733369927
"
WFDC9,"-0.5868567733369927
"
MAP3K5,"-0.5868567733369927
"
IFIT3,"-0.5868567733369927
"
RAB20,"-0.5868567733369927
"
GBP2,"-0.5868567733369927
"
NFIL3,"-0.5868567733369927
"
YWHAZ,"-0.5868567733369927
"
TRIM25,"-0.5868567733369927
"
RAET1A,"-0.5868567733369927
"
RAB43,"-0.5868567733369927
"
REG3A,"-0.5868567733369927
"
REG3G,"-0.5868567733369927
"
TRAV6-2,"-0.5868567733369927
"
CTSM,"-0.5868567733369927
"
TRDV5,"-0.5868567733369927
"
TRAV12N-3,"-0.5868567733369927
"
UMOD,"-0.5868567733369927
"
TRAV6-3,"-0.5868567733369927
"
TRAV6-5,"-0.5868567733369927
"
TGTP1,"-0.5868567733369927
"
P04943,"-0.5868567733369927
"
COLEC12,"-0.5868567733369927
"
TRDV2-1,"-0.5868567733369927
"
IGKV5-48,"-0.5868567733369927
"
TRGV1,"-0.5868567733369927
"
CHGA,"-0.5868567733369927
"
F2,"-0.5868567733369927
"
DEFB12,"-0.5868567733369927
"
DEFB41,"-0.5868567733369927
"
TTLL1,"-0.5868567733369927
"
CTS6,"-0.5868567733369927
"
CYBC1,"-0.5868567733369927
"
IGKV6-23,"-0.5868567733369927
"
TNFSF8,"-0.5868567733369927
"
GSDMA,"-0.5868567733369927
"
ADGRE1,"-0.5868567733369927
"
DEFA35,"-0.5868567733369927
"
SECTM1A,"-0.5868567733369927
"
WFDC5,"-0.5868567733369927
"
TDGF1,"-0.5868567733369927
"
RPL39,"-0.5868567733369927
"
MIR873A,"-0.5868567733369927
"
ARL8B,"-0.5868567733369927
"
APBB1IP,"-0.5868567733369927
"
IRF4,"-0.5868567733369927
"
DEFB4,"-0.5868567733369927
"
CCRL2,"-0.5868567733369927
"
PLEC,"-0.5868567733369927
"
NLRP1A,"-0.5868567733369927
"
SMAD6,"-0.5868567733369927
"
TRAV6N-7,"-0.5868567733369927
"
TRAV6N-5,"-0.5868567733369927
"
TRAV16D-DV11,"-0.5868567733369927
"
IGKV6-32,"-0.5868567733369927
"
PTGDR,"-0.5868567733369927
"
DEFA21,"-0.5868567733369927
"
2610528A11RIK,"-0.5868567733369927
"
SCAP,"-0.5868567733369927
"
CCL11,"-0.5868567733369927
"
DEFB10,"-0.5868567733369927
"
DEFB35,"-0.5868567733369927
"
DEFB13,"-0.5868567733369927
"
DEFB7,"-0.5868567733369927
"
EDA,"-0.5868567733369927
"
IGKV8-30,"-0.5868567733369927
"
SMPD1,"-0.5868567733369927
"
VGF,"-0.5868567733369927
"
ST3GAL1,"-0.5868567733369927
"
CALCOCO2,"-0.5868567733369927
"
NDUFS4,"-0.5868567733369927
"
DOCK2,"-0.5868567733369927
"
APOA4,"-0.5868567733369927
"
DBNL,"-0.5868567733369927
"
ANG,"-0.5868567733369927
"
CCL6,"-0.5868567733369927
"
FGA,"-0.5868567733369927
"
SCD1,"-0.5868567733369927
"
NTS,"-0.5868567733369927
"
DEFA38,"-0.5868567733369927
"
LTB,"-0.5868567733369927
"
ANG6,"-0.5868567733369927
"
CAMP,"-0.5868567733369927
"
OSM,"-0.5868567733369927
"
AKAP1,"-0.5868567733369927
"
CPLX2,"-0.5868567733369927
"
MARCHF8,"-0.5868567733369927
"
1300017J02RIK,"-0.5868567733369927
"
ANG5,"-0.5868567733369927
"
SCNN1B,"-0.5868567733369927
"
PTX3,"-0.5868567733369927
"
RAB17,"-0.5868567733369927
"
TGFBR3,"-0.5868567733369927
"
STXBP3,"-0.5868567733369927
"
CTSS,"-0.5868567733369927
"
GM49352,"-0.5868567733369927
"
PRKD1,"-0.5868567733369927
"
IGKV4-71,"-0.5868567733369927
"
IGKV6-29,"-0.5868567733369927
"
IFITM1,"-0.5868567733369927
"
RNF166,"-0.5868567733369927
"
KDM5D,"-0.5868567733369927
"
IGKV14-100,"-0.5868567733369927
"
IGKV1-110,"-0.5868567733369927
"
SARM1,"-0.5868567733369927
"
CCR5,"-0.5868567733369927
"
ITLNB,"-0.5868567733369927
"
TNFRSF1A,"-0.5868567733369927
"
IRF8,"-0.5868567733369927
"
IL1F10,"-0.5868567733369927
"
NPY,"-0.5868567733369927
"
SPAG11B,"-0.5868567733369927
"
POU2AF1,"-0.5868567733369927
"
NDUFAF4,"-0.5868567733369927
"
DEFB34,"-0.5868567733369927
"
DEFB40,"-0.5868567733369927
"
DEFB39,"-0.5868567733369927
"
DEFB38,"-0.5868567733369927
"
DEFB37,"-0.5868567733369927
"
IFIT1BL1,"-0.5868567733369927
"
HPRT,"-0.5868567733369927
"
HP,"-0.5868567733369927
"
OAS1B,"-0.5868567733369927
"
REG3B,"-0.5868567733369927
"
VAMP2,"-0.5868567733369927
"
CCR8,"-0.5868567733369927
"
IGKV9-129,"-0.5868567733369927
"
IGKV10-95,"-0.5868567733369927
"
TRAV15-2-DV6-2,"-0.5868567733369927
"
P03976,"-0.5868567733369927
"
ANG4,"-0.5868567733369927
"
IL31RA,"-0.5868567733369927
"
DEFA17,"-0.5868567733369927
"
CLEC5A,"-0.5868567733369927
"
DEFB47,"-0.5868567733369927
"
P84750,"-0.5868567733369927
"
DEFB15,"-0.5868567733369927
"
KLRG1,"-0.5868567733369927
"
MIR21A,"-0.5868567733369927
"
TTC4,"-0.5868567733369927
"
MIR155,"-0.5868567733369927
"
IFNA9,"-0.5868567733369927
"
IFNAR1,"-0.5868567733369927
"
IFNGR1,"-0.5868567733369927
"
IFNGR2,"-0.5868567733369927
"
H2BC4,"-0.5868567733369927
"
DEFA20,"-0.5868567733369927
"
SDHAF4,"-0.5868567733369927
"
IFI44,"-0.5868567733369927
"
CST11,"-0.5868567733369927
"
TRAV6-1,"-0.5868567733369927
"
DEFA34,"-0.5868567733369927
"
RAB14,"-0.5868567733369927
"
EPX,"-0.5868567733369927
"
SEMA4A,"-0.5868567733369927
"
WFDC18,"-0.5868567733369927
"
PPP6C,"-0.5868567733369927
"
TRAV6D-3,"-0.5868567733369927
"
IGKV2-137,"-0.5868567733369927
"
IGKV8-26,"-0.5868567733369927
"
IGKV8-27,"-0.5868567733369927
"
IGKV6-25,"-0.5868567733369927
"
IGKV12-89,"-0.5868567733369927
"
IGKV1-88,"-0.5868567733369927
"
IGKV13-85,"-0.5868567733369927
"
IGKV4-61,"-0.5868567733369927
"
IRAK1,"-0.5868567733369927
"
TNFSF10,"-0.5868567733369927
"
RTP4,"-0.5868567733369927
"
JAGN1,"-0.5868567733369927
"
PNMA1,"-0.5868567733369927
"
LEAP2,"-0.5868567733369927
"
MCOLN2,"-0.5868567733369927
"
HCK,"-0.5868567733369927
"
EXOSC5,"-0.5868567733369927
"
WFDC15A,"-0.5868567733369927
"
ITFG2,"-0.5868567733369927
"
CCR4,"-0.5868567733369927
"
CTSK,"-0.5868567733369927
"
MSRB1,"-0.5868567733369927
"
KDELR1,"-0.5868567733369927
"
CASP4,"-0.5868567733369927
"
OAS1A,"-0.5868567733369927
"
OAS1F,"-0.5868567733369927
"
OAS1H,"-0.5868567733369927
"
OAS2,"-0.5868567733369927
"
KRT16,"-0.5868567733369927
"
JAK2,"-0.5868567733369927
"
ITGAX,"-0.5868567733369927
"
TRIM55,"-0.5868567733369927
"
SKP2,"-0.5868567733369927
"
ABCF3,"-0.5868567733369927
"
GBP7,"-0.5868567733369927
"
NBN,"-0.5868567733369927
"
DEFB3,"-0.5868567733369927
"
IRF2,"-0.5868567733369927
"
STX8,"-0.5868567733369927
"
IL9,"-0.5868567733369927
"
IL5RA,"-0.5868567733369927
"
SLC15A3,"-0.5868567733369927
"
MFSD6,"-0.5868567733369927
"
OTUD4,"-0.5868567733369927
"
PADI4,"-0.5868567733369927
"
SEH1L,"-0.5868567733369927
"
GCNT3,"-0.5868567733369927
"
TRDV2-2,"-0.5868567733369927
"
EMP2,"-0.5868567733369927
"
ANG2,"-0.5868567733369927
"
CEBPG,"-0.5868567733369927
"
IL1RAP,"-0.5868567733369927
"
COTL1,"-0.5868567733369927
"
CNPY3,"-0.5868567733369927
"
TRIM10,"-0.5868567733369927
"
DEFB2,"-0.5868567733369927
"
TRAV6-6,"-0.5868567733369927
"
ATAD3A,"-0.5868567733369927
"
IRAK1BP1,"-0.5868567733369927
"
DEFB33,"-0.5868567733369927
"
DEFB43,"-0.5868567733369927
"
P03977,"-0.5868567733369927
"
IGKV4-68,"-0.5868567733369927
"
IGKV4-57-1,"-0.5868567733369927
"
IGKV5-37,"-0.5868567733369927
"
IGKV5-39,"-0.5868567733369927
"
IGKV4-92,"-0.5868567733369927
"
CD209D,"-0.5868567733369927
"
BPIFB1,"-0.5868567733369927
"
LYZ1,"-0.5868567733369927
"
GBP6,"-0.5868567733369927
"
OTUB1,"-0.5868567733369927
"
CTSQ,"-0.5868567733369927
"
GM5571,"-0.5868567733369927
"
TRIM34A,"-0.5868567733369927
"
TRIM11,"-0.5868567733369927
"
MCOLN1,"-0.5868567733369927
"
LYZ2,"-0.5868567733369927
"
LY9,"-0.5868567733369927
"
RNASE2A,"-0.5868567733369927
"
EAR10,"-0.5868567733369927
"
EAR6,"-0.5868567733369927
"
LTF,"-0.5868567733369927
"
LRP1,"-0.5868567733369927
"
ALOX5,"-0.5868567733369927
"
AHCY,"-0.5868567733369927
"
CXCL3,"-0.5868567733369927
"
TRIM34B,"-0.5868567733369927
"
TRIM32,"-0.5868567733369927
"
RAET1D,"-0.5868567733369927
"
ACTG1,"-0.5868567733369927
"
ADGRB1,"-0.5868567733369927
"
CTS3,"-0.5868567733369927
"
WFDC15B,"-0.5868567733369927
"
DEFA39,"-0.5868567733369927
"
TMEM98,"-0.5868567733369927
"
ACP5,"-0.5868567733369927
"
IGKV19-93,"-0.5868567733369927
"
TRIM43B,"-0.5868567733369927
"
OPRK1,"-0.5868567733369927
"
OAS1G,"-0.5868567733369927
"
STXBP4,"-0.5868567733369927
"
AICDA,"-0.5868567733369927
"
KRT6A,"-0.5868567733369927
"
PLAC8,"-0.5868567733369927
"
CRCP,"-0.5868567733369927
"
NR1H4,"-0.5868567733369927
"
DAPK1,"-0.5868567733369927
"
CXCL9,"-0.5868567733369927
"
DAB2IP,"-0.5868567733369927
"
PLEKHM2,"-0.5868567733369927
"
BST2,"-0.5868567733369927
"
ENPP1,"-0.5868567733369927
"
NOTCH1,"-0.5868567733369927
"
NOS2,"-0.5868567733369927
"
STYK1,"-0.5868567733369927
"
NKX2-3,"-0.5868567733369927
"
TRIM8,"-0.5868567733369927
"
TRAV12-3,"-0.5868567733369927
"
CCL27B,"-0.5868567733369927
"
CCL21C,"-0.5868567733369927
"
BPIFA2,"-0.5868567733369927
"
LPIN1,"-0.5868567733369927
"
ENDOU,"-0.5868567733369927
"
IGKV4-59,"-0.5868567733369927
"
TRIM5,"-0.5868567733369927
"
IGKV12-46,"-0.5868567733369927
"
CFHR1,"-0.5868567733369927
"
PMP22,"-0.5868567733369927
"
GSDMC,"-0.5868567733369927
"
DEFB5,"-0.5868567733369927
"
SERPINA3G,"-0.5868567733369927
"
ABCC9,"-0.5868567733369927
"
CCL9,"-0.5868567733369927
"
DEFB6,"-0.5868567733369927
"
ZG16,"-0.5868567733369927
"
P01678,"-0.5868567733369927
"
POU2F2,"-0.5868567733369927
"
CCL8,"-0.5868567733369927
"
SRMS,"-0.5868567733369927
"
PLA2G1B,"-0.5868567733369927
"
REG3D,"-0.5868567733369927
"
TCIRG1,"-0.5868567733369927
"
ACKR4,"-0.5868567733369927
"
WFDC13,"-0.5868567733369927
"
DEFB20,"-0.5868567733369927
"
CCL26,"-0.5868567733369927
"
POLR3H,"-0.5868567733369927
"
WRNIP1,"-0.5868567733369927
"
PLD4,"-0.5868567733369927
"
AK7,"-0.5868567733369927
"
IGKV9-123,"-0.5868567733369927
"
IGKV2-112,"-0.5868567733369927
"
IGKV6-13,"-0.5868567733369927
"
IGKV3-3,"-0.5868567733369927
"
IGKV3-4,"-0.5868567733369927
"
SHFL,"-0.5868567733369927
"
DCLRE1C,"-0.5868567733369927
"
SBNO2,"-0.5868567733369927
"
AGBL5,"-0.5868567733369927
"
IFNZ,"-0.5868567733369927
"
ADM,"-0.5868567733369927
"
EAR2,"-0.5868567733369927
"
H2BC13,"-0.5868567733369927
"
TRIM31,"-0.5868567733369927
"
H2BC12,"-0.5868567733369927
"
LAMP3,"-0.5868567733369927
"
H2BC8,"-0.5868567733369927
"
H2BC7,"-0.5868567733369927
"
H2BC6,"-0.5868567733369927
"
BNIP3L,"-0.5868567733369927
"
ACKR2,"-0.5868567733369927
"
SYNCRIP,"-0.5868567733369927
"
SLFN9,"-0.5868567733369927
"
SP110,"-0.5868567733369927
"
LPO,"-0.5868567733369927
"
TRIML1,"-0.5868567733369927
"
ITM2A,"-0.5868567733369927
"
CCL17,"-0.5868567733369927
"
P04946,"-0.5868567733369927
"
P04944,"-0.5868567733369927
"
P04941,"-0.5868567733369927
"
ATG9A,"-0.5868567733369927
"
IGKV1-132,"-0.5868567733369927
"
IGKV12-38,"-0.5868567733369927
"
IGKV8-34,"-0.5868567733369927
"
DOCK11,"-0.5868567733369927
"
ECSIT,"-0.5868567733369927
"
DEFA28,"-0.5868567733369927
"
SERINC3,"-0.5868567733369927
"
POLR3E,"-0.5868567733369927
"
EXO1,"-0.5868567733369927
"
CTSJ,"-0.5868567733369927
"
PRR7,"-0.5868567733369927
"
IL6RA,"-0.5868567733369927
"
ERAP1,"-0.5868567733369927
"
REL,"-0.5868567733369927
"
REG2,"-0.5868567733369927
"
REG1,"-0.5868567733369927
"
IFNA16,"-0.5868567733369927
"
LGR4,"-0.5868567733369927
"
GBF1,"-0.5868567733369927
"
TRIM13,"-0.5868567733369927
"
IFNK,"-0.5868567733369927
"
IGKV4-63,"-0.5868567733369927
"
TRIM43A,"-0.5868567733369927
"
IGKV20-101-2,"-0.5868567733369927
"
DAPK3,"-0.5868567733369927
"
IGKV4-51,"-0.5868567733369927
"
RPS6KB1,"-0.5868567733369927
"
ZMYND11,"-0.5868567733369927
"
WFDC16,"-0.5868567733369927
"
ILF3,"-0.5868567733369927
"
ADAMTS4,"-0.5868567733369927
"
ZYX,"-0.5868567733369927
"
CXCL15,"-0.5868567733369927
"
MIR511,"-0.5868567733369927
"
TRIM12A,"-0.5868567733369927
"
EPHA2,"-0.5868567733369927
"
NFKB2,"-0.5868567733369927
"
RAB27A,"-0.5868567733369927
"
TRIM17,"-0.5868567733369927
"
G3BP2,"-0.5868567733369927
"
DEFA42,"-0.5868567733369927
"
PPP1R11,"-0.5868567733369927
"
IFNE,"-0.5868567733369927
"
IFNA13,"-0.5868567733369927
"
USP25,"-0.5868567733369927
"
SLAMF9,"-0.5868567733369927
"
DEFB48,"-0.5868567733369927
"
DEFB30,"-0.5868567733369927
"
IFITM3,"-0.5868567733369927
"
WFDC21,"-0.5868567733369927
"
GM13278,"-0.5868567733369927
"
BECN1,"-0.5868567733369927
"
GBP11,"-0.5868567733369927
"
TOLLIP,"-0.5868567733369927
"
EXOSC4,"-0.5868567733369927
"
LYZL6,"-0.5868567733369927
"
4930486L24RIK,"-0.5868567733369927
"
MRC1,"-0.5868567733369927
"
MPO,"-0.5868567733369927
"
IGKV4-78,"-0.5868567733369927
"
IL22RA1,"-0.5868567733369927
"
CLPB,"-0.5868567733369927
"
KCNJ8,"-0.5868567733369927
"
SLA,"-0.5868567733369927
"
MOV10,"-0.5868567733369927
"
IGKV14-126,"-0.5868567733369927
"
ITGB6,"-0.5868567733369927
"
EPRS,"-0.5868567733369927
"
CD180,"-0.5868567733369927
"
GM45717,"-0.5868567733369927
"
IGKV16-104,"-0.5868567733369927
"
IFIT3B,"-0.5868567733369927
"
EVL,"-0.5868567733369927
"
IFI27L2B,"-0.5868567733369927
"
TICAM2,"-0.5868567733369927
"
TRIM15,"-0.5868567733369927
"
TRAV15D-1-DV6D-1,"-0.5868567733369927
"
NLRP1B,"-0.5868567733369927
"
P01729,"-0.5868567733369927
"
P01728,"-0.5868567733369927
"
P01727,"-0.5868567733369927
"
P01726,"-0.5868567733369927
"
P01725,"-0.5868567733369927
"
P01724,"-0.5868567733369927
"
P01723,"-0.5868567733369927
"
GM5849,"-0.5868567733369927
"
RNASE6,"-0.5868567733369927
"
GSDMA3,"-0.5868567733369927
"
H2BC21,"-0.5868567733369927
"
P01680,"-0.5868567733369927
"
P01679,"-0.5868567733369927
"
P01677,"-0.5868567733369927
"
P01676,"-0.5868567733369927
"
P01675,"-0.5868567733369927
"
P01674,"-0.5868567733369927
"
P01673,"-0.5868567733369927
"
P01670,"-0.5868567733369927
"
P01669,"-0.5868567733369927
"
P01668,"-0.5868567733369927
"
P01666,"-0.5868567733369927
"
P01665,"-0.5868567733369927
"
P01664,"-0.5868567733369927
"
P01663,"-0.5868567733369927
"
P01660,"-0.5868567733369927
"
P01658,"-0.5868567733369927
"
P01657,"-0.5868567733369927
"
P01656,"-0.5868567733369927
"
P01655,"-0.5868567733369927
"
P01654,"-0.5868567733369927
"
P01652,"-0.5868567733369927
"
APOBEC1,"-0.5868567733369927
"
P01649,"-0.5868567733369927
"
P01647,"-0.5868567733369927
"
P01646,"-0.5868567733369927
"
P01645,"-0.5868567733369927
"
P01644,"-0.5868567733369927
"
P01643,"-0.5868567733369927
"
P01641,"-0.5868567733369927
"
P01638,"-0.5868567733369927
"
P01637,"-0.5868567733369927
"
P01636,"-0.5868567733369927
"
P01635,"-0.5868567733369927
"
P01634,"-0.5868567733369927
"
P01631,"-0.5868567733369927
"
P01630,"-0.5868567733369927
"
P01629,"-0.5868567733369927
"
IGKV1-131,"-0.5868567733369927
"
IGLV3,"-0.5868567733369927
"
TNK2,"-0.5868567733369927
"
GM20730,"-0.5868567733369927
"
NAIP7,"-0.5868567733369927
"
EAR4,"-0.5868567733369927
"
EAR3,"-0.5868567733369927
"
MAP3K14,"-0.5868567733369927
"
PRG3,"-0.5868567733369927
"
9530003J23RIK,"-0.5868567733369927
"
POLR3A,"-0.5868567733369927
"
CHUK,"-0.5868567733369927
"
IFIT1,"-0.5868567733369927
"
IFIT2,"-0.5868567733369927
"
CD207,"-0.5868567733369927
"
ATP7A,"-0.5868567733369927
"
IGKV12-98,"-0.5868567733369927
"
IGKV10-96,"-0.5868567733369927
"
IGKV4-62,"-0.5868567733369927
"
OPTN,"-0.5868567733369927
"
P04940,"-0.5868567733369927
"
IFIH1,"-0.5868567733369927
"
ZFP809,"-0.5868567733369927
"
BACH2,"-0.5868567733369927
"
SERPINB9B,"-0.5868567733369927
"
EXT1,"-0.5868567733369927
"
IGKV18-36,"-0.5868567733369927
"
IGKV4-80,"-0.5868567733369927
"
IGKV4-79,"-0.5868567733369927
"
HAMP2,"-0.5868567733369927
"
FBXO9,"-0.5868567733369927
"
ANG3,"-0.5868567733369927
"
PTGDS,"-0.5868567733369927
"
FASL,"-0.5868567733369927
"
RNF8,"-0.5868567733369927
"
IGKV1-117,"-0.5868567733369927
"
IGKV1-99,"-0.5868567733369927
"
TRAV16N,"-0.5868567733369927
"
IGKV5-45,"-0.5868567733369927
"
CEBPE,"-0.5868567733369927
"
CXCR5,"-0.5868567733369927
"
IGKV4-81,"-0.5868567733369927
"
IGKV4-86,"-0.5868567733369927
"
HYAL2,"-0.5868567733369927
"
BPIFB3,"-0.5868567733369927
"
ACTR3,"-0.5868567733369927
"
TRIM56,"-0.5868567733369927
"
IGKV9-124,"-0.5868567733369927
"
IGKV17-127,"-0.5868567733369927
"
TNFSF12,"-0.5868567733369927
"
DEFA37,"-0.5868567733369927
"
P01648,"-0.5868567733369927
"
P01653,"-0.5868567733369927
"
P01659,"-0.5868567733369927
"
IFI44L,"-0.5868567733369927
"
P01661,"-0.5868567733369927
"
P01662,"-0.5868567733369927
"
P01667,"-0.5868567733369927
"
P01671,"-0.5868567733369927
"
P01672,"-0.5868567733369927
"
IGKV8-24,"-0.5868567733369927
"
H2-DMB1,"-0.5868567733369927
"
H2-EB1,"-0.5868567733369927
"
FER1L5,"-0.5868567733369927
"
DDIT4,"-0.5868567733369927
"
TRIM14,"-0.5868567733369927
"
STX11,"-0.5868567733369927
"
RAB12,"-0.5868567733369927
"
ANXA3,"-0.5868567733369927
"
IGKV1-35,"-0.5868567733369927
"
MLKL,"-0.5868567733369927
"
DEFA-RS4,"-0.5868567733369927
"
TRIM28,"-0.5868567733369927
"
IGKV4-74,"-0.5868567733369927
"
SLPI,"-0.5868567733369927
"
AGBL4,"-0.5868567733369927
"
GSDMC4,"-0.5868567733369927
"
IFNAB,"-0.5868567733369927
"
NLRP9B,"-0.5868567733369927
"
AKAP8,"-0.5868567733369927
"
ANKHD1,"-0.5868567733369927
"
IFITM7,"-0.5868567733369927
"
BATF2,"-0.5868567733369927
"
FRK,"-0.5868567733369927
"
ARHGEF2,"-0.5868567733369927
"
AQP1,"-0.5868567733369927
"
TRIM26,"-0.5868567733369927
"
CSTDC2,"-0.5868567733369927
"
DEFB50,"-0.5868567733369927
"
PSG17,"-0.5868567733369927
"
DEFB46,"-0.5868567733369927
"
GCH1,"-0.5868567733369927
"
GBP2B,"-0.5868567733369927
"
GAPDH,"-0.5868567733369927
"
MEFV,"-0.5868567733369927
"
TRIM75,"-0.5868567733369927
"
TRIM30A,"-0.5868567733369927
"
SETD2,"-0.5868567733369927
"
DEFB14,"-0.5868567733369927
"
SSC5D,"-0.5868567733369927
"
ELF4,"-0.5868567733369927
"
DEFA41,"-0.5868567733369927
"
TRAV6D-4,"-0.5868567733369927
"
RAET1C,"-0.5868567733369927
"
IGKV3-9,"-0.5868567733369927
"
IGKV3-5,"-0.5868567733369927
"
IGKV3-7,"-0.5868567733369927
"
IGKV3-1,"-0.5868567733369927
"
IGKV8-18,"-0.5868567733369927
"
IGKV8-19,"-0.5868567733369927
"
IGKV8-16,"-0.5868567733369927
"
IGKV8-21,"-0.5868567733369927
"
IGKV6-20,"-0.5868567733369927
"
IGK-V19-17,"-0.5868567733369927
"
IGKV6-15,"-0.5868567733369927
"
IGKV6-14,"-0.5868567733369927
"
NLRP9A,"-0.5868567733369927
"
IGKV3-10,"-0.5868567733369927
"
KYNU,"-0.5868567733369927
"
IGKV3-12,"-0.5868567733369927
"
RAET1E,"-0.5868567733369927
"
PLD1,"-0.5868567733369927
"
SHC1,"-0.5868567733369927
"
GSDMA2,"-0.5868567733369927
"
WFDC12,"-0.5868567733369927
"
PTK6,"-0.5868567733369927
"
MST1R,"-0.5868567733369927
"
IGKV13-84,"-0.5868567733369927
"
UBD,"-0.5868567733369927
"
GSDMD,"-0.5868567733369927
"
DEFA-RS2,"-0.5868567733369927
"
DEFA10,"-0.5868567733369927
"
DEFA11,"-0.5868567733369927
"
DEFA12,"-0.5868567733369927
"
DEFA13,"-0.5868567733369927
"
DEFA14,"-0.5868567733369927
"
DEFA15,"-0.5868567733369927
"
DEFA16,"-0.5868567733369927
"
DEFA4,"-0.5868567733369927
"
DEFA5,"-0.5868567733369927
"
DEFA6,"-0.5868567733369927
"
DEFA7,"-0.5868567733369927
"
DEFA8,"-0.5868567733369927
"
DEFA9,"-0.5868567733369927
"
TNFSF15,"-0.5868567733369927
"
GZMM,"-0.5868567733369927
"
IGLV2,"-0.5868567733369927
"
PRDX1,"-0.5868567733369927
"
OASL2,"-0.5868567733369927
"
CCL7,"-0.5868567733369927
"
TRAV15-1-DV6-1,"-0.5868567733369927
"
FGB,"-0.5868567733369927
"
IGKV3-2,"-0.5868567733369927
"
MID2,"-0.5868567733369927
"
PRG4,"-0.5868567733369927
"
CD8A,"-0.5868567733369927
"
CD7,"-0.5868567733369927
"
CD3G,"-0.5868567733369927
"
CD3D,"-0.5868567733369927
"
STARD7,"-0.5868567733369927
"
CD14,"-0.5868567733369927
"
SUCNR1,"-0.5868567733369927
"
TRAV12D-1,"-0.5868567733369927
"
TRAV6D-5,"-0.5868567733369927
"
OTUD7B,"-0.5868567733369927
"
CCL22,"-0.5868567733369927
"
MILL1,"-0.5868567733369927
"
CAMK4,"-0.5868567733369927
"
S100A8,"-0.5868567733369927
"
TRIM58,"-0.5868567733369927
"
CCR3,"-0.5868567733369927
"
TRIM40,"-0.5868567733369927
"
RNF19B,"-0.5868567733369927
"
TSC1,"-0.5868567733369927
"
LY96,"-0.5868567733369927
"
CCR9,"-0.5868567733369927
"
IGKV4-55,"-0.5868567733369927
"
LY86,"-0.5868567733369927
"
IGKV4-70,"-0.5868567733369927
"
IGKV4-72,"-0.5868567733369927
"
CXCL16,"-0.5868567733369927
"
TMF1,"-0.5868567733369927
"
TRIM39,"-0.5868567733369927
"
PSTPIP1,"-0.5868567733369927
"
ENPP2,"-0.5868567733369927
"
SECTM1B,"-0.5868567733369927
"
VAMP3,"-0.5868567733369927
"
CAPG,"-0.5868567733369927
"
IFNAR2,"-0.5868567733369927
"
KIF16B,"-0.5868567733369927
"
IL1RN,"-0.5868567733369927
"
CASP1,"-0.5868567733369927
"
IGLV1,"-0.5868567733369927
"
RBPJ,"-0.5868567733369927
"
IGKV15-103,"-0.5868567733369927
"
CHIA1,"-0.5868567733369927
"
TRIM43C,"-0.5868567733369927
"
DEFA30,"-0.5868567733369927
"
JCHAIN,"-0.5868567733369927
"
IGF1R,"-0.5868567733369927
"
DEFA26,"-0.5868567733369927
"
TNFAIP8,"-0.5868567733369927
"
DEFA24,"-0.5868567733369927
"
DEFA23,"-0.5868567733369927
"
TRAV12-2,"-0.5868567733369927
"
AY761185,"-0.5868567733369927
"
NCF1,"-0.5868567733369927
"
GM42543,"-0.5868567733369927
"
G3BP1,"-0.5868567733369927
"
RPL13A,"-0.5868567733369927
"
SERINC5,"-0.5868567733369927
"
TNFRSF11A,"-0.5868567733369927
"
IL10RB,"-0.5868567733369927
"
SNAP23,"-0.5868567733369927
"
UNG,"-0.5868567733369927
"
BNIP3,"-0.5868567733369927
"
IRAK4,"-0.5868567733369927
"
FCGRT,"-0.5868567733369927
"
TRAV15D-2-DV6D-2,"-0.5868567733369927
"
IFNA15,"-0.5868567733369927
"
NT5C3,"-0.5868567733369927
"
TBKBP1,"-0.5868567733369927
"
LST1,"-0.5868567733369927
"
MMP7,"-0.5868567733369927
"
IL25,"-0.5868567733369927
"
IGKV14-130,"-0.5868567733369927
"
DEFA3,"-0.5868567733369927
"
DEFA2,"-0.5868567733369927
"
DEFA29,"-0.5868567733369927
"
DEFA1,"-0.5868567733369927
"
DDX41,"-0.5868567733369927
"
RNASE2B,"-0.5868567733369927
"
MARCHF1,"-0.5868567733369927
"
XCR1,"-0.5868567733369927
"
GADD45G,"-0.5868567733369927
"
ADAMTS5,"-0.5868567733369927
"
GM43302,"-0.5868567733369927
"
CIITA,"-0.5868567733369927
"
GBP3,"-0.5868567733369927
"
IIGP1,"-0.5868567733369927
"
CDH17,"-0.5868567733369927
"
LFNG,"-0.5868567733369927
"
MFNG,"-0.5868567733369927
"
CYSLTR1,"-0.5868567733369927
"
P2RY14,"-0.5868567733369927
"
GM43218,"-0.5868567733369927
"
CXCR1,"-0.5868567733369927
"
TRF,"-0.5868567733369927
"
CYBB,"-0.5868567733369927
"
CTSL,"-0.5868567733369927
"
TRAV12-1,"-0.5868567733369927
"
TRIML2,"-0.5868567733369927
"
CDC42,"-0.5868567733369927
"
DMBT1,"-0.5868567733369927
"
SLC26A6,"-0.5868567733369927
"
IGKV1-135,"-0.5868567733369927
"
CST9,"-0.5868567733369927
"
CXCL2,"-0.5868567733369927
"
LYG1,"-0.5868567733369927
"
STAB2,"-0.5868567733369927
"
STAB1,"-0.5868567733369927
"
IFNA14,"-0.5868567733369927
"
DEFB18,"-0.5868567733369927
"
NEDD4,"-0.5868567733369927
"
WFDC11,"-0.5868567733369927
"
NRROS,"-0.5868567733369927
"
PRKCE,"-0.5868567733369927
"
PRKCD,"-0.5868567733369927
"
PRF1,"-0.5868567733369927
"
IFIT1BL2,"-0.5868567733369927
"
GALP,"-0.5868567733369927
"
CDC42EP4,"-0.5868567733369927
"
IFITM6,"-0.5868567733369927
"
EAR1,"-0.5868567733369927
"
CITED1,"-0.5868567733369927
"
CDC42EP2,"-0.5868567733369927
"
S100A9,"-0.5868567733369927
"
BMPR1A,"-0.5868567733369927
"
TRIM29,"-0.5868567733369927
"
EIF2AK2,"-0.5868567733369927
"
TNK1,"-0.5868567733369927
"
WFDC3,"-0.5868567733369927
"
WIPI2,"-0.5868567733369927
"
RNASEL,"-0.5868567733369927
"
CSF2,"-0.5868567733369927
"
GAPT,"-0.5868567733369927
"
RAG2,"-0.5868567733369927
"
RAB1A,"-0.5868567733369927
"
OAS1E,"-0.5868567733369927
"
IFITM2,"-0.5868567733369927
"
ALCAM,"-0.5868567733369927
"
CTS8,"-0.5868567733369927
"
PFPL,"-0.5868567733369927
"
CTS7,"-0.5868567733369927
"
LTBR,"-0.5868567733369927
"
CXCL11,"-0.5868567733369927
"
LCP1,"-0.5868567733369927
"
IFNA12,"-0.5868567733369927
"
RAB11FIP5,"-0.5868567733369927
"
DEFB29,"-0.5868567733369927
"
FBXO38,"-0.5868567733369927
"
IGKV17-121,"-0.5868567733369927
"
BPIFA1,"-0.5868567733369927
"
ITGB8,"-0.5868567733369927
"
LCN2,"-0.5868567733369927
"
OAS1D,"-0.5868567733369927
"
IGKV1-133,"-0.5868567733369927
"
TMEM106A,"-0.5868567733369927
"
IGKV4-69,"-0.5868567733369927
"
DEFB36,"-0.5868567733369927
"
DEFB19,"-0.5868567733369927
"
TLR1,"-0.5868567733369927
"
TERC,"-0.8440124896092233
"
RAB3B,"-0.8440124896092233
"
PAFAH1B1,"-0.8440124896092233
"
RABL3,"-0.8440124896092233
"
F,"-0.8440124896092233
"
MECOM,"-0.8440124896092233
"
ERCC2,"-0.8440124896092233
"
EPB42,"-0.8440124896092233
"
TET2,"-0.8440124896092233
"
TNRC6C,"-0.8440124896092233
"
CIAO3,"-0.8440124896092233
"
SOD1,"-0.8440124896092233
"
SP1,"-0.8440124896092233
"
SPTB,"-0.8440124896092233
"
SIX4,"-0.8440124896092233
"
GPR89,"-0.8440124896092233
"
UFL1,"-0.8440124896092233
"
EEF2,"-0.8440124896092233
"
DLL4,"-0.8440124896092233
"
PDPN,"-0.8440124896092233
"
CACNA1C,"-0.8440124896092233
"
FST,"-0.8440124896092233
"
FLT4,"-0.8440124896092233
"
FLT1,"-0.8440124896092233
"
FLI1,"-0.8440124896092233
"
FGFR2,"-0.8440124896092233
"
FGF3,"-0.8440124896092233
"
FECH,"-0.8440124896092233
"
IRF6,"-0.8440124896092233
"
TXNRD2,"-0.8440124896092233
"
4930430F08RIK,"-0.8440124896092233
"
PSMB11,"-0.8440124896092233
"
NFATC3,"-0.8440124896092233
"
COL24A1,"-0.8440124896092233
"
RAB6A,"-0.8440124896092233
"
CD300C2,"-0.8440124896092233
"
CD300LD,"-0.8440124896092233
"
ABCB9,"-0.8440124896092233
"
WWP1,"-0.8440124896092233
"
SBDS,"-0.8440124896092233
"
UBA5,"-0.8440124896092233
"
HEATR9,"-0.8440124896092233
"
BPGM,"-0.8440124896092233
"
PTPRZ1,"-0.8440124896092233
"
CBFA2T3,"-0.8440124896092233
"
DNAI4,"-0.8440124896092233
"
MYO9B,"-0.8440124896092233
"
RO60,"-0.8440124896092233
"
HEM1,"-0.8440124896092233
"
DOCK1,"-0.8440124896092233
"
TMEM143,"-0.8440124896092233
"
KIRREL3,"-0.8440124896092233
"
ACP6,"-0.8440124896092233
"
FASN,"-0.8440124896092233
"
FANCC,"-0.8440124896092233
"
NFATC1,"-0.8440124896092233
"
BSG,"-0.8440124896092233
"
3830403N18RIK,"-0.8440124896092233
"
GMPR2,"-0.8440124896092233
"
IDO2,"-0.8440124896092233
"
SMARCA4,"-0.8440124896092233
"
ZFAT,"-0.8440124896092233
"
EGR1,"-0.8440124896092233
"
SLC25A5,"-0.8440124896092233
"
EIF2AK1,"-0.8440124896092233
"
SOX6,"-0.8440124896092233
"
SOD2,"-0.8440124896092233
"
RAB8B,"-0.8440124896092233
"
KCNAB2,"-0.8440124896092233
"
DACT2,"-0.8440124896092233
"
MIRLET7E,"-0.8440124896092233
"
PRKX,"-0.8440124896092233
"
PSMB8,"-0.8440124896092233
"
PSMB9,"-0.8440124896092233
"
GM36723,"-0.8440124896092233
"
FCRL1,"-0.8440124896092233
"
DAB2,"-0.8440124896092233
"
MIR125B-1,"-0.8440124896092233
"
FKBP1B,"-0.8440124896092233
"
DPEP1,"-0.8440124896092233
"
SH3PXD2A,"-0.8440124896092233
"
SRF,"-0.8440124896092233
"
WNT4,"-0.8440124896092233
"
WNT1,"-0.8440124896092233
"
KRTAP5-5,"-0.8440124896092233
"
PIP4K2A,"-0.8440124896092233
"
MIR17,"-0.8440124896092233
"
RBM47,"-0.8440124896092233
"
TYR,"-0.8440124896092233
"
TSHR,"-0.8440124896092233
"
PTBP3,"-0.8440124896092233
"
LRRK1,"-0.8440124896092233
"
CD248,"-0.8440124896092233
"
CRIP3,"-0.8440124896092233
"
SLC37A4,"-0.8440124896092233
"
RRAS,"-0.8440124896092233
"
RPS24,"-0.8440124896092233
"
RPS14,"-0.8440124896092233
"
GON4L,"-0.8440124896092233
"
CH25H,"-0.8440124896092233
"
MIR193B,"-0.8440124896092233
"
MIR34A,"-0.8440124896092233
"
SELPLG,"-0.8440124896092233
"
ARTN,"-0.8440124896092233
"
HDAC5,"-0.8440124896092233
"
MYO1E,"-0.8440124896092233
"
SKAP2,"-0.8440124896092233
"
FZD9,"-0.8440124896092233
"
MSH3,"-0.8440124896092233
"
SFTPA1,"-0.8440124896092233
"
CYP2C66,"-0.8440124896092233
"
MAP2K1,"-0.8440124896092233
"
SIX1,"-0.8440124896092233
"
AIMP1,"-0.8440124896092233
"
RAB33A,"-0.8440124896092233
"
EDNRB,"-0.8440124896092233
"
CFC1,"-0.8440124896092233
"
EFNA2,"-0.8440124896092233
"
IGBP1,"-0.8440124896092233
"
GAB3,"-0.8440124896092233
"
ARHGEF5,"-0.8440124896092233
"
JMJD6,"-0.8440124896092233
"
BCL2A1A,"-0.8440124896092233
"
TOP2A,"-0.8440124896092233
"
CD300LG,"-0.8440124896092233
"
TLX1,"-0.8440124896092233
"
TENT2,"-0.8440124896092233
"
THRA,"-0.8440124896092233
"
ARMC6,"-0.8440124896092233
"
BCL11A,"-0.8440124896092233
"
CLU,"-0.8440124896092233
"
VMN1R214,"-0.8440124896092233
"
TBX1,"-0.8440124896092233
"
OLR1,"-0.8440124896092233
"
MIR92-1,"-0.8440124896092233
"
MIR19B-1,"-0.8440124896092233
"
DHRS7B,"-0.8440124896092233
"
KMT2E,"-0.8440124896092233
"
VPS33A,"-0.8440124896092233
"
LRP5,"-0.8440124896092233
"
SKIL,"-0.8440124896092233
"
DOCK7,"-0.8440124896092233
"
RAB3C,"-0.8440124896092233
"
PFDN1,"-0.8440124896092233
"
HECTD1,"-0.8440124896092233
"
RAB35,"-0.8440124896092233
"
MSMP,"-0.8440124896092233
"
MMP21,"-0.8440124896092233
"
MLLT3,"-0.8440124896092233
"
CD300E,"-0.8440124896092233
"
TSPO2,"-0.8440124896092233
"
CEBPD,"-0.8440124896092233
"
TAZ,"-0.8440124896092233
"
ATF4,"-0.8440124896092233
"
SCG2,"-0.8440124896092233
"
PRDX3,"-0.8440124896092233
"
ANK1,"-0.8440124896092233
"
PURA,"-0.8440124896092233
"
CRTC3,"-0.8440124896092233
"
SH2B3,"-0.8440124896092233
"
PRTN3,"-0.8440124896092233
"
EP300,"-0.8440124896092233
"
WDR7,"-0.8440124896092233
"
POLM,"-0.8440124896092233
"
EPHB3,"-0.8440124896092233
"
ITGA9,"-0.8440124896092233
"
CDKN2B,"-0.8440124896092233
"
RBMY,"-0.8440124896092233
"
CAML,"-0.8440124896092233
"
BCL2L11,"-0.8440124896092233
"
ACTN1,"-0.8440124896092233
"
MUC19,"-0.8440124896092233
"
EPS8,"-0.8440124896092233
"
SFXN1,"-0.8440124896092233
"
CTSE,"-0.8440124896092233
"
ADD1,"-0.8440124896092233
"
TCAF2,"-0.8440124896092233
"
MRGPRX2,"-0.8440124896092233
"
RUNX2,"-0.8440124896092233
"
PABPC4,"-0.8440124896092233
"
TXLNA,"-0.8440124896092233
"
CHRNA7,"-0.8440124896092233
"
TCRA-V3.1,"-0.8440124896092233
"
FARP2,"-0.8440124896092233
"
CD300C,"-0.8440124896092233
"
GM7534,"-0.8440124896092233
"
TREML2,"-0.8440124896092233
"
RAB10,"-0.8440124896092233
"
EML1,"-0.8440124896092233
"
AZI2,"-0.8440124896092233
"
NUP85,"-0.8440124896092233
"
PODXL,"-0.8440124896092233
"
MIXL1,"-0.8440124896092233
"
TACC3,"-0.8440124896092233
"
PAX1,"-0.8440124896092233
"
ARL11,"-0.8440124896092233
"
SLC11A2,"-0.8440124896092233
"
ANGPT2,"-0.8440124896092233
"
RHD,"-0.8440124896092233
"
SGL,"-0.8440124896092233
"
ZFP980,"-0.8440124896092233
"
MINK1,"-0.8440124896092233
"
SSBP3,"-0.8440124896092233
"
TCF21,"-0.8440124896092233
"
RHAG,"-0.8440124896092233
"
MIR99A,"-0.8440124896092233
"
BCL11B,"-0.8440124896092233
"
MRGPRX1,"-0.8440124896092233
"
MIR20A,"-0.8440124896092233
"
EBI3,"-0.8440124896092233
"
MIR188,"-0.8440124896092233
"
MIR18,"-0.8440124896092233
"
MIR145A,"-0.8440124896092233
"
MIR143,"-0.8440124896092233
"
MIR130A,"-0.8440124896092233
"
MIR126A,"-0.8440124896092233
"
MIR122B,"-0.8440124896092233
"
MIR122,"-0.8440124896092233
"
NAMPT,"-0.8440124896092233
"
LMBR1L,"-0.8440124896092233
"
HRH1,"-0.8440124896092233
"
ADGRF4,"-0.8440124896092233
"
BATF3,"-0.8440124896092233
"
IRF9,"-0.8440124896092233
"
NCAPH2,"-0.8440124896092233
"
MPZL2,"-0.8440124896092233
"
RUBCN,"-0.8440124896092233
"
TRPM2,"-0.8440124896092233
"
TMEM190,"-0.8440124896092233
"
NDRG1,"-0.8440124896092233
"
RAB32,"-0.8440124896092233
"
IL11RA1,"-0.8440124896092233
"
AHCTF1,"-0.8440124896092233
"
KAT8,"-0.8440124896092233
"
SQSTM1,"-0.8440124896092233
"
ROCK1,"-0.8440124896092233
"
ITGAD,"-0.8440124896092233
"
RPA1,"-0.8440124896092233
"
BABAM1,"-0.8440124896092233
"
HBB-B1,"-0.8440124896092233
"
HBA-X,"-0.8440124896092233
"
HBA-A2,"-0.8440124896092233
"
HBA-A1,"-0.8440124896092233
"
GM42421,"-0.8440124896092233
"
EBP,"-0.8440124896092233
"
TPD52,"-0.8440124896092233
"
MYH9,"-0.8440124896092233
"
TAFA4,"-0.8440124896092233
"
KDR,"-0.8440124896092233
"
ITGB1,"-0.8440124896092233
"
ITGAV,"-0.8440124896092233
"
ITGA6,"-0.8440124896092233
"
BMNCR,"-0.8440124896092233
"
EXOC6,"-0.8440124896092233
"
ITGA1,"-0.8440124896092233
"
IMPDH1,"-0.8440124896092233
"
IL3RA,"-0.8440124896092233
"
IL2RB,"-0.8440124896092233
"
ARHGEF7,"-0.8440124896092233
"
PYGO1,"-0.8440124896092233
"
NHEJ1,"-0.8440124896092233
"
STK3,"-0.8440124896092233
"
GPR35,"-0.8440124896092233
"
LEPR,"-0.8440124896092233
"
CYP7B1,"-0.8440124896092233
"
STON2,"-0.8440124896092233
"
ABI1,"-0.8440124896092233
"
GPC3,"-0.8440124896092233
"
CDIN1,"-0.8440124896092233
"
ESCO2,"-0.8440124896092233
"
SNX10,"-0.8440124896092233
"
ZSWIM9,"-0.8440124896092233
"
WASF2,"-0.8440124896092233
"
MLF1,"-0.8440124896092233
"
STK4,"-0.8440124896092233
"
FLVCR1,"-0.8440124896092233
"
KMT2A,"-0.8440124896092233
"
SRSF4,"-0.8440124896092233
"
VPS33B,"-0.8440124896092233
"
MB,"-0.8440124896092233
"
TRPV1,"-0.8440124896092233
"
CHD7,"-0.8440124896092233
"
LYL1,"-0.8440124896092233
"
LY6D,"-0.8440124896092233
"
KRT75,"-0.8440124896092233
"
ALAS2,"-0.8440124896092233
"
ALAS1,"-0.8440124896092233
"
NCOR1,"-0.8440124896092233
"
ROGDI,"-0.8440124896092233
"
CLEC1B,"-0.8440124896092233
"
ADD2,"-0.8440124896092233
"
HS1BP3,"-0.8440124896092233
"
MAEA,"-0.8440124896092233
"
NCSTN,"-0.8440124896092233
"
DHTKD1,"-0.8440124896092233
"
CHRNA4,"-0.8440124896092233
"
ACE,"-0.8440124896092233
"
ABL2,"-0.8440124896092233
"
PREX1,"-0.8440124896092233
"
SGPL1,"-0.8440124896092233
"
SLC7A6OS,"-0.8440124896092233
"
AY036118,"-0.8440124896092233
"
RTKN2,"-0.8440124896092233
"
RABGAP1L,"-0.8440124896092233
"
PBX1,"-0.8440124896092233
"
PIR,"-0.8440124896092233
"
KLF4,"-0.8440124896092233
"
ZFP385A,"-0.8440124896092233
"
CD109,"-0.8440124896092233
"
BAP1,"-0.8440124896092233
"
CDK13,"-0.8440124896092233
"
NTRK1,"-0.8440124896092233
"
NKX2-5,"-0.8440124896092233
"
INPPL1,"-0.8440124896092233
"
PSAP,"-0.8440124896092233
"
PPIB,"-0.8440124896092233
"
PPIA,"-0.8440124896092233
"
POLB,"-0.8440124896092233
"
SAMD9L,"-0.8440124896092233
"
HEPH,"-0.8440124896092233
"
SPIB,"-0.8440124896092233
"
PLG,"-0.8440124896092233
"
KCP,"-0.8440124896092233
"
HHEX,"-0.8440124896092233
"
CNN2,"-0.8440124896092233
"
SATB1,"-0.8440124896092233
"
RAB4A,"-0.8440124896092233
"
CDK5RAP3,"-0.8440124896092233
"
CALCR,"-0.8440124896092233
"
CTC1,"-0.8440124896092233
"
SLC40A1,"-0.8440124896092233
"
ZBTB24,"-0.8440124896092233
"
WDR1,"-0.8440124896092233
"
FZD7,"-0.8440124896092233
"
VMN2R74,"-0.8440124896092233
"
CHD2,"-0.8440124896092233
"
WNT10B,"-0.8440124896092233
"
NKX3-2,"-0.8440124896092233
"
PIKFYVE,"-0.8440124896092233
"
H2BC1,"-0.8440124896092233
"
CD300LD3,"-0.8440124896092233
"
DCAF1,"-0.8440124896092233
"
NCAPG2,"-0.8440124896092233
"
RET,"-0.8440124896092233
"
KLF2,"-0.8440124896092233
"
KLF1,"-0.8440124896092233
"
4930474N05RIK,"-0.8440124896092233
"
CHST4,"-0.8440124896092233
"
ADAM9,"-0.8440124896092233
"
POLQ,"-0.8440124896092233
"
CTNNBL1,"-0.8440124896092233
"
GOLPH3,"-0.8440124896092233
"
FLCN,"-0.8440124896092233
"
MEN1,"-0.8440124896092233
"
PRRC2C,"-0.8440124896092233
"
MIR19A,"-0.8440124896092233
"
MIR181C,"-0.8440124896092233
"
MIR125B-2,"-0.8440124896092233
"
PIK3CG,"-0.8440124896092233
"
TRAJ18,"-0.8440124896092233
"
CCDC134,"-0.8440124896092233
"
MIR145B,"-0.8440124896092233
"
TMEM14C,"-0.8440124896092233
"
SP3,"-0.8440124896092233
"
IL31,"-0.8440124896092233
"
TTC7,"-0.8440124896092233
"
ZBTB32,"-0.8440124896092233
"
HDAC7,"-0.8440124896092233
"
PATZ1,"-0.8440124896092233
"
ITGB7,"-0.8440124896092233
"
JUNB,"-0.8440124896092233
"
PTMS,"-0.8440124896092233
"
FCMR,"-0.8440124896092233
"
SCART2,"-0.8440124896092233
"
TNFRSF23,"-0.8440124896092233
"
NBEAL2,"-0.8440124896092233
"
CTPS,"-0.8440124896092233
"
PODXL2,"-0.8440124896092233
"
RETNLG,"-0.8440124896092233
"
RPS17,"-0.8440124896092233
"
PMAIP1,"-0.8440124896092233
"
KAT6A,"-0.8440124896092233
"
SART3,"-0.8440124896092233
"
CHST3,"-0.8440124896092233
"
YY1,"-0.8440124896092233
"
BVES,"-0.8440124896092233
"
MCM3AP,"-0.8440124896092233
"
MIR7116,"-0.8440124896092233
"
TGFBR1,"-0.8440124896092233
"
MIR542,"-0.8440124896092233
"
NFE2L1,"-0.8440124896092233
"
ZFP950,"-0.8440124896092233
"
CEACAM20,"-0.8440124896092233
"
OSTM1,"-0.8440124896092233
"
SERPINB9F,"-0.8440124896092233
"
SP7,"-0.8440124896092233
"
CMTM7,"-0.8440124896092233
"
TIPARP,"-0.8440124896092233
"
MFAP5,"-0.8440124896092233
"
IGBP1B,"-0.8440124896092233
"
RPL22,"-0.8440124896092233
"
ETV2,"-0.8440124896092233
"
TAPBP,"-0.8440124896092233
"
HAND2,"-0.8440124896092233
"
IRF2BP2,"-0.8440124896092233
"
AGPAT5,"-0.8440124896092233
"
IL17B,"-0.8440124896092233
"
SYVN1,"-0.8440124896092233
"
GPR174,"-0.8440124896092233
"
FUBP1,"-0.8440124896092233
"
SPP1,"-0.8440124896092233
"
DDIAS,"-0.8440124896092233
"
H2-DMB2,"-0.8440124896092233
"
ADGRG3,"-0.8440124896092233
"
BAK1,"-0.8440124896092233
"
PTPRO,"-0.8440124896092233
"
FOXL1,"-0.8440124896092233
"
TMOD3,"-0.8440124896092233
"
GPR15,"-0.8440124896092233
"
PKNOX1,"-0.8440124896092233
"
MKNK2,"-0.8440124896092233
"
ABCA15,"-0.8440124896092233
"
XKR8,"-0.8440124896092233
"
CDH26,"-0.8440124896092233
"
EPAS1,"-0.8440124896092233
"
NIPAL3,"-0.8440124896092233
"
DYRK3,"-0.8440124896092233
"
GLO1,"-0.8440124896092233
"
GJA1,"-0.8440124896092233
"
B4GALT1,"-0.8440124896092233
"
GFI1,"-0.8440124896092233
"
BARX1,"-0.8440124896092233
"
HDAC9,"-0.8440124896092233
"
GCNT1,"-0.8440124896092233
"
GBA,"-0.8440124896092233
"
FAM20C,"-0.8440124896092233
"
WNT2B,"-0.8440124896092233
"
MPIG6B,"-0.8440124896092233
"
IREB2,"-0.8440124896092233
"
JAML,"-0.8440124896092233
"
NUGGC,"-0.8440124896092233
"
ATPIF1,"-0.8440124896092233
"
ONECUT1,"-0.8440124896092233
"
ZFP784,"-0.8440124896092233
"
SIPA1L3,"-0.8440124896092233
"
WDFY4,"-0.8440124896092233
"
CLEC4F,"-0.8440124896092233
"
DMTN,"-0.8440124896092233
"
TCEA1,"-0.8440124896092233
"
TMEM91,"-0.8440124896092233
"
L3MBTL3,"-0.8440124896092233
"
MFAP2,"-0.8440124896092233
"
PDE4D,"-0.8440124896092233
"
PTPN11,"-0.8440124896092233
"
ARIH2,"-0.8440124896092233
"
CIAPIN1,"-0.8440124896092233
"
CD34,"-0.8440124896092233
"
CD2,"-0.8440124896092233
"
CCND3,"-0.8440124896092233
"
CCNB2,"-0.8440124896092233
"
SIVA1,"-0.8440124896092233
"
CITED2,"-0.8440124896092233
"
ANXA2,"-0.8440124896092233
"
IFI30,"-0.8440124896092233
"
SLC12A2,"-0.8440124896092233
"
CDKN1C,"-0.8440124896092233
"
HRNR,"-0.8440124896092233
"
THSD1,"-0.8440124896092233
"
F11R,"-0.8440124896092233
"
JAG2,"-0.8440124896092233
"
SLC39A3,"-0.8440124896092233
"
ARID4A,"-0.8440124896092233
"
IDE,"-0.8440124896092233
"
GIMAP1,"-0.8440124896092233
"
IMPDH2,"-0.8440124896092233
"
LMO4,"-0.8440124896092233
"
GPATCH4,"-0.8440124896092233
"
PITX2,"-0.8440124896092233
"
BRCA2,"-0.8440124896092233
"
ETV6,"-0.8440124896092233
"
NLRP12,"-0.8440124896092233
"
PSMB10,"-0.8440124896092233
"
PSME1,"-0.8440124896092233
"
PSME2,"-0.8440124896092233
"
CD151,"-0.8440124896092233
"
S1PR1,"-0.8440124896092233
"
PTPRQ,"-0.8440124896092233
"
AMPD3,"-0.8440124896092233
"
EPHB1,"-0.8440124896092233
"
GIT1,"-0.8440124896092233
"
AXIN1,"-0.8440124896092233
"
MAP2K2,"-0.8440124896092233
"
MAP3K8,"-0.8440124896092233
"
GM45915,"-0.8440124896092233
"
DH,"-0.8440124896092233
"
DBH,"-0.8440124896092233
"
ANLN,"-0.8440124896092233
"
ASXL1,"-0.8440124896092233
"
FZD8,"-0.8440124896092233
"
LRMP,"-0.8440124896092233
"
DDOST,"-0.8440124896092233
"
SLC25A38,"-0.8440124896092233
"
TPO,"-0.8440124896092233
"
HELLS,"-0.8440124896092233
"
NFKB1,"-0.8440124896092233
"
MTHFD1,"-0.8440124896092233
"
POU1F1,"-0.8440124896092233
"
PGM3,"-0.8440124896092233
"
PDGFRA,"-0.8440124896092233
"
PDGFB,"-0.8440124896092233
"
HOXB3,"-0.8440124896092233
"
HOXB4,"-0.8440124896092233
"
AHSP,"-0.8440124896092233
"
UMODL1,"-0.8440124896092233
"
SMAD5,"-0.8440124896092233
"
RRS1,"-0.8440124896092233
"
SFRP2,"-0.8440124896092233
"
WDR38,"-0.8440124896092233
"
G6PDX,"-0.8440124896092233
"
RAB5B,"-0.8440124896092233
"
PPP4R2,"-0.8440124896092233
"
RAF1,"-0.8440124896092233
"
HSD3B7,"-0.8440124896092233
"
VMN1R13,"-0.8440124896092233
"
LBR,"-0.8440124896092233
"
TSPAN2,"-0.8440124896092233
"
CKLF,"-0.8440124896092233
"
REST,"-0.8440124896092233
"
JARID2,"-0.8440124896092233
"
SERPINB12,"-0.8440124896092233
"
HSH2D,"-0.8440124896092233
"
FNIP1,"-0.8440124896092233
"
IKBKB,"-0.8440124896092233
"
CCN4,"-0.8440124896092233
"
IL17C,"-0.8440124896092233
"
HOXB7,"-0.8440124896092233
"
HOXB6,"-0.8440124896092233
"
HOXA3,"-0.8440124896092233
"
PICALM,"-0.8440124896092233
"
MIR142HG,"-0.8440124896092233
"
SLC8A3,"-0.8440124896092233
"
CRIP2,"-0.8440124896092233
"
EZH2,"-0.8440124896092233
"
4930539E08RIK,0
GM27599,0
CPNE5,0
PPIL1,0
BC004004,0
GM10045,0
PI16,0
MTCH1,0
FGD2,0
PIM1,0
GM26885,0
GM17657,0
GM28052,0
TMEM217,0
TBC1D22B,0
TBC1D22BOS,0
MIR7667,0
GM28043,0
CMTR1,0
CCDC167,0
MDGA1,0
GM16758,0
GM22327,0
ZFAND3,0
BTBD9,0
GM25049,0
RP23-364A24.1,0
DNAH8,0
1700097N02RIK,0
GM24661,0
GLP1R,0
GM24026,0
ABCG1,0
GM25447,0
GM15318,0
TFF1,0
TMPRSS3,0
RSPH1,0
SLC37A1,0
PDE9A,0
WDR4,0
NDUFV3,0
4833413E03RIK,0
CBS,0
U2AF1,0
CRYAA,0
SIK1,0
GM17572,0
HSF2BP,0
GM25883,0
RRP1B,0
PDXK-PS,0
GM17276,0
NOTCH3,0
EPHX3,0
GM26549,0
BRD4,0
AKAP8L,0
WIZ,0
CYP4F17,0
CYP4F16,0
CYP4F40,0
CYP4F15,0
GM17115,0
ZFP871,0
ZFP811,0
GM23294,0
GM25555,0
ZFP799,0
ZFP870,0
CYP4F14,0
CYP4F13,0
CYP4F41-PS,0
GM25667,0
ZFP472,0
ZFP952,0
ZFP763,0
4921501E09RIK,0
ZFP563,0
MORC2B,0
OLFR55,0
OLFR239,0
GM4461,0
ZFP955A,0
OLFR63,0
ZFP955B,0
ZFP422-RS1,0
ZFP81,0
ZFP101,0
ACTL9,0
ADAMTS10,0
GM20507,0
HNRNPM,0
GM22943,0
GM11131,0
H2-Q5,0
CCHCR1,0
GM9573,0
DDR1,0
DHX16,0
ATAT1,0
GM8810,0
GM20530,0
GM9574,0
GM6623,0
GM20546,0
GM20526,0
GM20401,0
GM8878,0
ESP34,0
ESP31,0
ESP24,0
GM21903,0
ESP23,0
ESP18,0
BRPF3,0
1700030A11RIK,0
GM16191,0
PXT1,0
STK38,0
SRSF3,0
GM16194,0
RAB44,0
TFF3,0
RP23-106N22.5,0
GM24970,0
GM26858,0
CYP4F39,0
2-Mar,0
PSORS1C2,0
GM9613,0
2300002M23RIK,0
DPCR1,0
VARS2,0
GTF2H4,0
GM20443,0
GM20442,0
4833427F10RIK,0
FLOT1,0
NRM,0
PPP1R18,0
GM28033,0
GM16279,0
2310061I04RIK,0
ABCF1,0
GNL1,0
C920025E04RIK,0
2410017I17RIK,0
GM20447,0
GM8835,0
GM5682,0
GM20392,0
GM10074,0
GM20391,0
GM318,0
GM4256,0
GM9612,0
GM4830,0
GM20525,0
GM4271,0
GABBR1,0
RP23-98F21.12,0
OLFR90,0
OLFR91,0
GM4831,0
OLFR92,0
GM19807,0
GABBR1,0
